method,n_ris,seed,scenario,split,sum_rate,reward,qos_fraction,all_qos,violation,iterations,evaluations,accepted_steps,solver,initialization,objective_history,surrogate_records,grid,solve_ms,config_hash,git_commit,bank_checksum
analytical_ris,32,10000,750,test,1.9820001283189603,1.837353163830655,0.0,False,0.0179998716810395,0,1,0,analytical_ris_equal_allocation,closed_form_phase_alignment,[],[],{},0.501586,2a8450eb5d4f6f05c03681c57cc71c0590f449be523644dbfde0384d2f23053d,fc61d5cda7da39530055bae9bd0e92865f995cd9,6ec54735c1c2c35cd253d9d3d23295783293b6d64c65204dfcab16b2d59ebbef
analytical_ris,32,10000,751,test,1.9819766557538196,1.8371402157161287,0.0,False,0.0180233442461806,0,1,0,analytical_ris_equal_allocation,closed_form_phase_alignment,[],[],{},0.361967,2a8450eb5d4f6f05c03681c57cc71c0590f449be523644dbfde0384d2f23053d,fc61d5cda7da39530055bae9bd0e92865f995cd9,6ec54735c1c2c35cd253d9d3d23295783293b6d64c65204dfcab16b2d59ebbef
analytical_ris,32,10000,752,test,1.981998508076738,1.837338464366281,0.0,False,0.018001491923262,0,1,0,analytical_ris_equal_allocation,closed_form_phase_alignment,[],[],{},0.326643,2a8450eb5d4f6f05c03681c57cc71c0590f449be523644dbfde0384d2f23053d,fc61d5cda7da39530055bae9bd0e92865f995cd9,6ec54735c1c2c35cd253d9d3d23295783293b6d64c65204dfcab16b2d59ebbef
analytical_ris,32,10000,753,test,1.9819958591369145,1.8373144308263252,0.0,False,0.0180041408630858,0,1,0,analytical_ris_equal_allocation,closed_form_phase_alignment,[],[],{},0.297291,2a8450eb5d4f6f05c03681c57cc71c0590f449be523644dbfde0384d2f23053d,fc61d5cda7da39530055bae9bd0e92865f995cd9,6ec54735c1c2c35cd253d9d3d23295783293b6d64c65204dfcab16b2d59ebbef
analytical_ris,32,10000,754,test,1.981972968742951,1.8371067671789647,0.0,False,0.018027031257049,0,1,0,analytical_ris_equal_allocation,closed_form_phase_alignment,[],[],{},0.329951,2a8450eb5d4f6f05c03681c57cc71c0590f449be523644dbfde0384d2f23053d,fc61d5cda7da39530055bae9bd0e92865f995cd9,6ec54735c1c2c35cd253d9d3d23295783293b6d64c65204dfcab16b2d59ebbef
analytical_ris,32,10000,755,test,1.981962330492804,1.837010249999664,0.0,False,0.0180376695071963,0,1,0,analytical_ris_equal_allocation,closed_form_phase_alignment,[],[],{},0.315251,2a8450eb5d4f6f05c03681c57cc71c0590f449be523644dbfde0384d2f23053d,fc61d5cda7da39530055bae9bd0e92865f995cd9,6ec54735c1c2c35cd253d9d3d23295783293b6d64c65204dfcab16b2d59ebbef
analytical_ris,32,10000,756,test,1.9819316320996625,1.836731729307667,0.0,False,0.0180683679003378,0,1,0,analytical_ris_equal_allocation,closed_form_phase_alignment,[],[],{},0.309378,2a8450eb5d4f6f05c03681c57cc71c0590f449be523644dbfde0384d2f23053d,fc61d5cda7da39530055bae9bd0e92865f995cd9,6ec54735c1c2c35cd253d9d3d23295783293b6d64c65204dfcab16b2d59ebbef
analytical_ris,32,10000,757,test,1.9820174942393085,1.8375107068845549,0.0,False,0.0179825057606916,0,1,0,analytical_ris_equal_allocation,closed_form_phase_alignment,[],[],{},0.280394,2a8450eb5d4f6f05c03681c57cc71c0590f449be523644dbfde0384d2f23053d,fc61d5cda7da39530055bae9bd0e92865f995cd9,6ec54735c1c2c35cd253d9d3d23295783293b6d64c65204dfcab16b2d59ebbef
analytical_ris,32,10000,758,test,1.9820282761203276,1.837608518837428,0.0,False,0.0179717238796726,0,1,0,analytical_ris_equal_allocation,closed_form_phase_alignment,[],[],{},0.288476,2a8450eb5d4f6f05c03681c57cc71c0590f449be523644dbfde0384d2f23053d,fc61d5cda7da39530055bae9bd0e92865f995cd9,6ec54735c1c2c35cd253d9d3d23295783293b6d64c65204dfcab16b2d59ebbef
analytical_ris,32,10000,759,test,1.9820129314676,1.837469313471153,0.0,False,0.0179870685323997,0,1,0,analytical_ris_equal_allocation,closed_form_phase_alignment,[],[],{},0.286926,2a8450eb5d4f6f05c03681c57cc71c0590f449be523644dbfde0384d2f23053d,fc61d5cda7da39530055bae9bd0e92865f995cd9,6ec54735c1c2c35cd253d9d3d23295783293b6d64c65204dfcab16b2d59ebbef
analytical_ris,32,10000,760,test,1.981987294005069,1.837236727038729,0.0,False,0.0180127059949308,0,1,0,analytical_ris_equal_allocation,closed_form_phase_alignment,[],[],{},0.402815,2a8450eb5d4f6f05c03681c57cc71c0590f449be523644dbfde0384d2f23053d,fc61d5cda7da39530055bae9bd0e92865f995cd9,6ec54735c1c2c35cd253d9d3d23295783293b6d64c65204dfcab16b2d59ebbef
analytical_ris,32,10000,761,test,1.9819616109084488,1.8370037234080725,0.0,False,0.0180383890915514,0,1,0,analytical_ris_equal_allocation,closed_form_phase_alignment,[],[],{},0.35023,2a8450eb5d4f6f05c03681c57cc71c0590f449be523644dbfde0384d2f23053d,fc61d5cda7da39530055bae9bd0e92865f995cd9,6ec54735c1c2c35cd253d9d3d23295783293b6d64c65204dfcab16b2d59ebbef
analytical_ris,32,10000,762,test,1.9820243726312925,1.8375731071114187,0.0,False,0.0179756273687076,0,1,0,analytical_ris_equal_allocation,closed_form_phase_alignment,[],[],{},0.317302,2a8450eb5d4f6f05c03681c57cc71c0590f449be523644dbfde0384d2f23053d,fc61d5cda7da39530055bae9bd0e92865f995cd9,6ec54735c1c2c35cd253d9d3d23295783293b6d64c65204dfcab16b2d59ebbef
analytical_ris,32,10000,763,test,1.9819385210238831,1.8367942327746145,0.0,False,0.0180614789761168,0,1,0,analytical_ris_equal_allocation,closed_form_phase_alignment,[],[],{},0.285898,2a8450eb5d4f6f05c03681c57cc71c0590f449be523644dbfde0384d2f23053d,fc61d5cda7da39530055bae9bd0e92865f995cd9,6ec54735c1c2c35cd253d9d3d23295783293b6d64c65204dfcab16b2d59ebbef
analytical_ris,32,10000,764,test,1.9819800242906576,1.8371707772354064,0.0,False,0.018019975709342,0,1,0,analytical_ris_equal_allocation,closed_form_phase_alignment,[],[],{},0.25267,2a8450eb5d4f6f05c03681c57cc71c0590f449be523644dbfde0384d2f23053d,fc61d5cda7da39530055bae9bd0e92865f995cd9,6ec54735c1c2c35cd253d9d3d23295783293b6d64c65204dfcab16b2d59ebbef
analytical_ris,32,10000,765,test,1.982006206925464,1.8374083078424028,0.0,False,0.0179937930745359,0,1,0,analytical_ris_equal_allocation,closed_form_phase_alignment,[],[],{},0.365314,2a8450eb5d4f6f05c03681c57cc71c0590f449be523644dbfde0384d2f23053d,fc61d5cda7da39530055bae9bd0e92865f995cd9,6ec54735c1c2c35cd253d9d3d23295783293b6d64c65204dfcab16b2d59ebbef
analytical_ris,32,10000,766,test,1.9818906796999152,1.836360180707396,0.0,False,0.0181093203000847,0,1,0,analytical_ris_equal_allocation,closed_form_phase_alignment,[],[],{},0.289757,2a8450eb5d4f6f05c03681c57cc71c0590f449be523644dbfde0384d2f23053d,fc61d5cda7da39530055bae9bd0e92865f995cd9,6ec54735c1c2c35cd253d9d3d23295783293b6d64c65204dfcab16b2d59ebbef
analytical_ris,32,10000,767,test,1.982002424496289,1.8373739937187727,0.0,False,0.0179975755037108,0,1,0,analytical_ris_equal_allocation,closed_form_phase_alignment,[],[],{},0.314891,2a8450eb5d4f6f05c03681c57cc71c0590f449be523644dbfde0384d2f23053d,fc61d5cda7da39530055bae9bd0e92865f995cd9,6ec54735c1c2c35cd253d9d3d23295783293b6d64c65204dfcab16b2d59ebbef
analytical_ris,32,10000,768,test,1.981893704803514,1.8363876419873288,0.0,False,0.0181062951964861,0,1,0,analytical_ris_equal_allocation,closed_form_phase_alignment,[],[],{},0.359514,2a8450eb5d4f6f05c03681c57cc71c0590f449be523644dbfde0384d2f23053d,fc61d5cda7da39530055bae9bd0e92865f995cd9,6ec54735c1c2c35cd253d9d3d23295783293b6d64c65204dfcab16b2d59ebbef
analytical_ris,32,10000,769,test,1.9819835837450683,1.8372030695411816,0.0,False,0.0180164162549317,0,1,0,analytical_ris_equal_allocation,closed_form_phase_alignment,[],[],{},0.324473,2a8450eb5d4f6f05c03681c57cc71c0590f449be523644dbfde0384d2f23053d,fc61d5cda7da39530055bae9bd0e92865f995cd9,6ec54735c1c2c35cd253d9d3d23295783293b6d64c65204dfcab16b2d59ebbef
analytical_ris,32,10000,770,test,1.9819869241349093,1.8372333733940305,0.0,False,0.0180130758650903,0,1,0,analytical_ris_equal_allocation,closed_form_phase_alignment,[],[],{},0.294118,2a8450eb5d4f6f05c03681c57cc71c0590f449be523644dbfde0384d2f23053d,fc61d5cda7da39530055bae9bd0e92865f995cd9,6ec54735c1c2c35cd253d9d3d23295783293b6d64c65204dfcab16b2d59ebbef
analytical_ris,32,10000,771,test,1.982027837094552,1.837604536059663,0.0,False,0.017972162905448,0,1,0,analytical_ris_equal_allocation,closed_form_phase_alignment,[],[],{},0.293353,2a8450eb5d4f6f05c03681c57cc71c0590f449be523644dbfde0384d2f23053d,fc61d5cda7da39530055bae9bd0e92865f995cd9,6ec54735c1c2c35cd253d9d3d23295783293b6d64c65204dfcab16b2d59ebbef
analytical_ris,32,10000,772,test,1.981915082994881,1.8365816064954412,0.0,False,0.0180849170051188,0,1,0,analytical_ris_equal_allocation,closed_form_phase_alignment,[],[],{},0.327992,2a8450eb5d4f6f05c03681c57cc71c0590f449be523644dbfde0384d2f23053d,fc61d5cda7da39530055bae9bd0e92865f995cd9,6ec54735c1c2c35cd253d9d3d23295783293b6d64c65204dfcab16b2d59ebbef
analytical_ris,32,10000,773,test,1.9820067834373207,1.8374135387255497,0.0,False,0.0179932165626792,0,1,0,analytical_ris_equal_allocation,closed_form_phase_alignment,[],[],{},0.304029,2a8450eb5d4f6f05c03681c57cc71c0590f449be523644dbfde0384d2f23053d,fc61d5cda7da39530055bae9bd0e92865f995cd9,6ec54735c1c2c35cd253d9d3d23295783293b6d64c65204dfcab16b2d59ebbef
analytical_ris,32,10000,774,test,1.982008591417495,1.8374299406193209,0.0,False,0.017991408582505,0,1,0,analytical_ris_equal_allocation,closed_form_phase_alignment,[],[],{},0.282293,2a8450eb5d4f6f05c03681c57cc71c0590f449be523644dbfde0384d2f23053d,fc61d5cda7da39530055bae9bd0e92865f995cd9,6ec54735c1c2c35cd253d9d3d23295783293b6d64c65204dfcab16b2d59ebbef
analytical_ris,32,10000,775,test,1.981973683266044,1.8371132503198948,0.0,False,0.018026316733956,0,1,0,analytical_ris_equal_allocation,closed_form_phase_alignment,[],[],{},0.272171,2a8450eb5d4f6f05c03681c57cc71c0590f449be523644dbfde0384d2f23053d,fc61d5cda7da39530055bae9bd0e92865f995cd9,6ec54735c1c2c35cd253d9d3d23295783293b6d64c65204dfcab16b2d59ebbef
analytical_ris,32,10000,776,test,1.9820094282468996,1.8374375307578368,0.0,False,0.0179905717531005,0,1,0,analytical_ris_equal_allocation,closed_form_phase_alignment,[],[],{},0.278544,2a8450eb5d4f6f05c03681c57cc71c0590f449be523644dbfde0384d2f23053d,fc61d5cda7da39530055bae9bd0e92865f995cd9,6ec54735c1c2c35cd253d9d3d23295783293b6d64c65204dfcab16b2d59ebbef
analytical_ris,32,10000,777,test,1.9819914889745769,1.837274786424565,0.0,False,0.0180085110254231,0,1,0,analytical_ris_equal_allocation,closed_form_phase_alignment,[],[],{},0.273332,2a8450eb5d4f6f05c03681c57cc71c0590f449be523644dbfde0384d2f23053d,fc61d5cda7da39530055bae9bd0e92865f995cd9,6ec54735c1c2c35cd253d9d3d23295783293b6d64c65204dfcab16b2d59ebbef
analytical_ris,32,10000,778,test,1.9818642164787104,1.836120102299952,0.0,False,0.0181357835212895,0,1,0,analytical_ris_equal_allocation,closed_form_phase_alignment,[],[],{},0.308157,2a8450eb5d4f6f05c03681c57cc71c0590f449be523644dbfde0384d2f23053d,fc61d5cda7da39530055bae9bd0e92865f995cd9,6ec54735c1c2c35cd253d9d3d23295783293b6d64c65204dfcab16b2d59ebbef
analytical_ris,32,10000,779,test,1.9820247566423537,1.837576589763784,0.0,False,0.0179752433576464,0,1,0,analytical_ris_equal_allocation,closed_form_phase_alignment,[],[],{},0.282517,2a8450eb5d4f6f05c03681c57cc71c0590f449be523644dbfde0384d2f23053d,fc61d5cda7da39530055bae9bd0e92865f995cd9,6ec54735c1c2c35cd253d9d3d23295783293b6d64c65204dfcab16b2d59ebbef
analytical_ris,32,10000,780,test,1.9820070327021968,1.8374157980575372,0.0,False,0.0179929672978029,0,1,0,analytical_ris_equal_allocation,closed_form_phase_alignment,[],[],{},0.27533,2a8450eb5d4f6f05c03681c57cc71c0590f449be523644dbfde0384d2f23053d,fc61d5cda7da39530055bae9bd0e92865f995cd9,6ec54735c1c2c35cd253d9d3d23295783293b6d64c65204dfcab16b2d59ebbef
analytical_ris,32,10000,781,test,1.9820275589978984,1.8376020135399167,0.0,False,0.0179724410021014,0,1,0,analytical_ris_equal_allocation,closed_form_phase_alignment,[],[],{},0.306937,2a8450eb5d4f6f05c03681c57cc71c0590f449be523644dbfde0384d2f23053d,fc61d5cda7da39530055bae9bd0e92865f995cd9,6ec54735c1c2c35cd253d9d3d23295783293b6d64c65204dfcab16b2d59ebbef
analytical_ris,32,10000,782,test,1.982019597742808,1.837529789130808,0.0,False,0.0179804022571919,0,1,0,analytical_ris_equal_allocation,closed_form_phase_alignment,[],[],{},0.357809,2a8450eb5d4f6f05c03681c57cc71c0590f449be523644dbfde0384d2f23053d,fc61d5cda7da39530055bae9bd0e92865f995cd9,6ec54735c1c2c35cd253d9d3d23295783293b6d64c65204dfcab16b2d59ebbef
analytical_ris,32,10000,783,test,1.9820174389254008,1.83751020492668,0.0,False,0.0179825610745991,0,1,0,analytical_ris_equal_allocation,closed_form_phase_alignment,[],[],{},0.322253,2a8450eb5d4f6f05c03681c57cc71c0590f449be523644dbfde0384d2f23053d,fc61d5cda7da39530055bae9bd0e92865f995cd9,6ec54735c1c2c35cd253d9d3d23295783293b6d64c65204dfcab16b2d59ebbef
analytical_ris,32,10000,784,test,1.9820206420536088,1.837539262981657,0.0,False,0.0179793579463913,0,1,0,analytical_ris_equal_allocation,closed_form_phase_alignment,[],[],{},0.341984,2a8450eb5d4f6f05c03681c57cc71c0590f449be523644dbfde0384d2f23053d,fc61d5cda7da39530055bae9bd0e92865f995cd9,6ec54735c1c2c35cd253d9d3d23295783293b6d64c65204dfcab16b2d59ebbef
analytical_ris,32,10000,785,test,1.9819890245048568,1.8372524289286385,0.0,False,0.0180109754951433,0,1,0,analytical_ris_equal_allocation,closed_form_phase_alignment,[],[],{},0.364317,2a8450eb5d4f6f05c03681c57cc71c0590f449be523644dbfde0384d2f23053d,fc61d5cda7da39530055bae9bd0e92865f995cd9,6ec54735c1c2c35cd253d9d3d23295783293b6d64c65204dfcab16b2d59ebbef
analytical_ris,32,10000,786,test,1.9820184146206927,1.837519055778123,0.0,False,0.0179815853793071,0,1,0,analytical_ris_equal_allocation,closed_form_phase_alignment,[],[],{},0.339132,2a8450eb5d4f6f05c03681c57cc71c0590f449be523644dbfde0384d2f23053d,fc61d5cda7da39530055bae9bd0e92865f995cd9,6ec54735c1c2c35cd253d9d3d23295783293b6d64c65204dfcab16b2d59ebbef
analytical_ris,32,10000,787,test,1.9819521565773317,1.836917951135101,0.0,False,0.0180478434226684,0,1,0,analytical_ris_equal_allocation,closed_form_phase_alignment,[],[],{},0.287572,2a8450eb5d4f6f05c03681c57cc71c0590f449be523644dbfde0384d2f23053d,fc61d5cda7da39530055bae9bd0e92865f995cd9,6ec54735c1c2c35cd253d9d3d23295783293b6d64c65204dfcab16b2d59ebbef
analytical_ris,32,10000,788,test,1.9820059006200847,1.837405529425536,0.0,False,0.0179940993799148,0,1,0,analytical_ris_equal_allocation,closed_form_phase_alignment,[],[],{},0.307419,2a8450eb5d4f6f05c03681c57cc71c0590f449be523644dbfde0384d2f23053d,fc61d5cda7da39530055bae9bd0e92865f995cd9,6ec54735c1c2c35cd253d9d3d23295783293b6d64c65204dfcab16b2d59ebbef
analytical_ris,32,10000,789,test,1.981985635996344,1.8372216852705496,0.0,False,0.0180143640036558,0,1,0,analytical_ris_equal_allocation,closed_form_phase_alignment,[],[],{},0.469918,2a8450eb5d4f6f05c03681c57cc71c0590f449be523644dbfde0384d2f23053d,fc61d5cda7da39530055bae9bd0e92865f995cd9,6ec54735c1c2c35cd253d9d3d23295783293b6d64c65204dfcab16b2d59ebbef
analytical_ris,32,10000,790,test,1.98195835774582,1.836974208677028,0.0,False,0.0180416422541803,0,1,0,analytical_ris_equal_allocation,closed_form_phase_alignment,[],[],{},0.425918,2a8450eb5d4f6f05c03681c57cc71c0590f449be523644dbfde0384d2f23053d,fc61d5cda7da39530055bae9bd0e92865f995cd9,6ec54735c1c2c35cd253d9d3d23295783293b6d64c65204dfcab16b2d59ebbef
analytical_ris,32,10000,791,test,1.98200279042004,1.837377313183427,0.0,False,0.0179972095799604,0,1,0,analytical_ris_equal_allocation,closed_form_phase_alignment,[],[],{},0.498762,2a8450eb5d4f6f05c03681c57cc71c0590f449be523644dbfde0384d2f23053d,fc61d5cda7da39530055bae9bd0e92865f995cd9,6ec54735c1c2c35cd253d9d3d23295783293b6d64c65204dfcab16b2d59ebbef
analytical_ris,32,10000,792,test,1.9811524544542056,1.829659829840676,0.0,False,0.0188475455457942,0,1,0,analytical_ris_equal_allocation,closed_form_phase_alignment,[],[],{},0.652015,2a8450eb5d4f6f05c03681c57cc71c0590f449be523644dbfde0384d2f23053d,fc61d5cda7da39530055bae9bd0e92865f995cd9,6ec54735c1c2c35cd253d9d3d23295783293b6d64c65204dfcab16b2d59ebbef
analytical_ris,32,10000,793,test,1.9820072025191031,1.837417340562291,0.0,False,0.0179927974808969,0,1,0,analytical_ris_equal_allocation,closed_form_phase_alignment,[],[],{},0.310039,2a8450eb5d4f6f05c03681c57cc71c0590f449be523644dbfde0384d2f23053d,fc61d5cda7da39530055bae9bd0e92865f995cd9,6ec54735c1c2c35cd253d9d3d23295783293b6d64c65204dfcab16b2d59ebbef
analytical_ris,32,10000,794,test,1.9819428176484613,1.836833225460328,0.0,False,0.0180571823515387,0,1,0,analytical_ris_equal_allocation,closed_form_phase_alignment,[],[],{},0.646451,2a8450eb5d4f6f05c03681c57cc71c0590f449be523644dbfde0384d2f23053d,fc61d5cda7da39530055bae9bd0e92865f995cd9,6ec54735c1c2c35cd253d9d3d23295783293b6d64c65204dfcab16b2d59ebbef
analytical_ris,32,10000,795,test,1.982036515763864,1.837683268216732,0.0,False,0.0179634842361359,0,1,0,analytical_ris_equal_allocation,closed_form_phase_alignment,[],[],{},0.304786,2a8450eb5d4f6f05c03681c57cc71c0590f449be523644dbfde0384d2f23053d,fc61d5cda7da39530055bae9bd0e92865f995cd9,6ec54735c1c2c35cd253d9d3d23295783293b6d64c65204dfcab16b2d59ebbef
analytical_ris,32,10000,796,test,1.9817979918983832,1.8355191785354652,0.0,False,0.0182020081016169,0,1,0,analytical_ris_equal_allocation,closed_form_phase_alignment,[],[],{},0.289491,2a8450eb5d4f6f05c03681c57cc71c0590f449be523644dbfde0384d2f23053d,fc61d5cda7da39530055bae9bd0e92865f995cd9,6ec54735c1c2c35cd253d9d3d23295783293b6d64c65204dfcab16b2d59ebbef
analytical_ris,32,10000,797,test,1.9820068907860051,1.837414510971587,0.0,False,0.0179931092139945,0,1,0,analytical_ris_equal_allocation,closed_form_phase_alignment,[],[],{},0.280025,2a8450eb5d4f6f05c03681c57cc71c0590f449be523644dbfde0384d2f23053d,fc61d5cda7da39530055bae9bd0e92865f995cd9,6ec54735c1c2c35cd253d9d3d23295783293b6d64c65204dfcab16b2d59ebbef
analytical_ris,32,10000,798,test,1.9819930609598375,1.8372890446306815,0.0,False,0.0180069390401623,0,1,0,analytical_ris_equal_allocation,closed_form_phase_alignment,[],[],{},0.311027,2a8450eb5d4f6f05c03681c57cc71c0590f449be523644dbfde0384d2f23053d,fc61d5cda7da39530055bae9bd0e92865f995cd9,6ec54735c1c2c35cd253d9d3d23295783293b6d64c65204dfcab16b2d59ebbef
analytical_ris,32,10000,799,test,1.9820293941335236,1.8376186612872407,0.0,False,0.0179706058664765,0,1,0,analytical_ris_equal_allocation,closed_form_phase_alignment,[],[],{},0.289049,2a8450eb5d4f6f05c03681c57cc71c0590f449be523644dbfde0384d2f23053d,fc61d5cda7da39530055bae9bd0e92865f995cd9,6ec54735c1c2c35cd253d9d3d23295783293b6d64c65204dfcab16b2d59ebbef
analytical_ris,32,10000,800,test,1.9819675989902583,1.8370580497164457,0.0,False,0.0180324010097416,0,1,0,analytical_ris_equal_allocation,closed_form_phase_alignment,[],[],{},0.297304,2a8450eb5d4f6f05c03681c57cc71c0590f449be523644dbfde0384d2f23053d,fc61d5cda7da39530055bae9bd0e92865f995cd9,6ec54735c1c2c35cd253d9d3d23295783293b6d64c65204dfcab16b2d59ebbef
analytical_ris,32,10000,801,test,1.982009837076888,1.8374412412399928,0.0,False,0.0179901629231122,0,1,0,analytical_ris_equal_allocation,closed_form_phase_alignment,[],[],{},0.326159,2a8450eb5d4f6f05c03681c57cc71c0590f449be523644dbfde0384d2f23053d,fc61d5cda7da39530055bae9bd0e92865f995cd9,6ec54735c1c2c35cd253d9d3d23295783293b6d64c65204dfcab16b2d59ebbef
analytical_ris,32,10000,802,test,1.9819853513551249,1.837219104984341,0.0,False,0.018014648644875,0,1,0,analytical_ris_equal_allocation,closed_form_phase_alignment,[],[],{},0.305923,2a8450eb5d4f6f05c03681c57cc71c0590f449be523644dbfde0384d2f23053d,fc61d5cda7da39530055bae9bd0e92865f995cd9,6ec54735c1c2c35cd253d9d3d23295783293b6d64c65204dfcab16b2d59ebbef
analytical_ris,32,10000,803,test,1.982004441121272,1.8373922872082489,0.0,False,0.0179955588787281,0,1,0,analytical_ris_equal_allocation,closed_form_phase_alignment,[],[],{},0.277614,2a8450eb5d4f6f05c03681c57cc71c0590f449be523644dbfde0384d2f23053d,fc61d5cda7da39530055bae9bd0e92865f995cd9,6ec54735c1c2c35cd253d9d3d23295783293b6d64c65204dfcab16b2d59ebbef
analytical_ris,32,10000,804,test,1.9820103080689977,1.8374455121020408,0.0,False,0.017989691931002,0,1,0,analytical_ris_equal_allocation,closed_form_phase_alignment,[],[],{},0.334048,2a8450eb5d4f6f05c03681c57cc71c0590f449be523644dbfde0384d2f23053d,fc61d5cda7da39530055bae9bd0e92865f995cd9,6ec54735c1c2c35cd253d9d3d23295783293b6d64c65204dfcab16b2d59ebbef
analytical_ris,32,10000,805,test,1.9820144226760883,1.8374828412412396,0.0,False,0.0179855773239114,0,1,0,analytical_ris_equal_allocation,closed_form_phase_alignment,[],[],{},0.325073,2a8450eb5d4f6f05c03681c57cc71c0590f449be523644dbfde0384d2f23053d,fc61d5cda7da39530055bae9bd0e92865f995cd9,6ec54735c1c2c35cd253d9d3d23295783293b6d64c65204dfcab16b2d59ebbef
analytical_ris,32,10000,806,test,1.9819856774921425,1.837222063085007,0.0,False,0.0180143225078576,0,1,0,analytical_ris_equal_allocation,closed_form_phase_alignment,[],[],{},0.56723,2a8450eb5d4f6f05c03681c57cc71c0590f449be523644dbfde0384d2f23053d,fc61d5cda7da39530055bae9bd0e92865f995cd9,6ec54735c1c2c35cd253d9d3d23295783293b6d64c65204dfcab16b2d59ebbef
analytical_ris,32,10000,807,test,1.9819745945235057,1.8371215161901435,0.0,False,0.0180254054764943,0,1,0,analytical_ris_equal_allocation,closed_form_phase_alignment,[],[],{},0.318824,2a8450eb5d4f6f05c03681c57cc71c0590f449be523644dbfde0384d2f23053d,fc61d5cda7da39530055bae9bd0e92865f995cd9,6ec54735c1c2c35cd253d9d3d23295783293b6d64c65204dfcab16b2d59ebbef
analytical_ris,32,10000,808,test,1.981993854806716,1.8372962483742072,0.0,False,0.0180061451932841,0,1,0,analytical_ris_equal_allocation,closed_form_phase_alignment,[],[],{},0.35798,2a8450eb5d4f6f05c03681c57cc71c0590f449be523644dbfde0384d2f23053d,fc61d5cda7da39530055bae9bd0e92865f995cd9,6ec54735c1c2c35cd253d9d3d23295783293b6d64c65204dfcab16b2d59ebbef
analytical_ris,32,10000,809,test,1.9819968143996949,1.8373230992233496,0.0,False,0.0180031856003053,0,1,0,analytical_ris_equal_allocation,closed_form_phase_alignment,[],[],{},0.277987,2a8450eb5d4f6f05c03681c57cc71c0590f449be523644dbfde0384d2f23053d,fc61d5cda7da39530055bae9bd0e92865f995cd9,6ec54735c1c2c35cd253d9d3d23295783293b6d64c65204dfcab16b2d59ebbef
analytical_ris,32,10000,810,test,1.982036393877109,1.8376821625110435,0.0,False,0.0179636061228911,0,1,0,analytical_ris_equal_allocation,closed_form_phase_alignment,[],[],{},0.358939,2a8450eb5d4f6f05c03681c57cc71c0590f449be523644dbfde0384d2f23053d,fc61d5cda7da39530055bae9bd0e92865f995cd9,6ec54735c1c2c35cd253d9d3d23295783293b6d64c65204dfcab16b2d59ebbef
analytical_ris,32,10000,811,test,1.9819799797636897,1.837170374112869,0.0,False,0.0180200202363101,0,1,0,analytical_ris_equal_allocation,closed_form_phase_alignment,[],[],{},0.302958,2a8450eb5d4f6f05c03681c57cc71c0590f449be523644dbfde0384d2f23053d,fc61d5cda7da39530055bae9bd0e92865f995cd9,6ec54735c1c2c35cd253d9d3d23295783293b6d64c65204dfcab16b2d59ebbef
analytical_ris,32,10000,812,test,1.98198291196544,1.8371969763535945,0.0,False,0.01801708803456,0,1,0,analytical_ris_equal_allocation,closed_form_phase_alignment,[],[],{},0.356647,2a8450eb5d4f6f05c03681c57cc71c0590f449be523644dbfde0384d2f23053d,fc61d5cda7da39530055bae9bd0e92865f995cd9,6ec54735c1c2c35cd253d9d3d23295783293b6d64c65204dfcab16b2d59ebbef
analytical_ris,32,10000,813,test,1.9820214524723263,1.8375466156915496,0.0,False,0.0179785475276734,0,1,0,analytical_ris_equal_allocation,closed_form_phase_alignment,[],[],{},0.328765,2a8450eb5d4f6f05c03681c57cc71c0590f449be523644dbfde0384d2f23053d,fc61d5cda7da39530055bae9bd0e92865f995cd9,6ec54735c1c2c35cd253d9d3d23295783293b6d64c65204dfcab16b2d59ebbef
analytical_ris,32,10000,814,test,1.981986997133232,1.8372340363174249,0.0,False,0.0180130028667678,0,1,0,analytical_ris_equal_allocation,closed_form_phase_alignment,[],[],{},0.29963,2a8450eb5d4f6f05c03681c57cc71c0590f449be523644dbfde0384d2f23053d,fc61d5cda7da39530055bae9bd0e92865f995cd9,6ec54735c1c2c35cd253d9d3d23295783293b6d64c65204dfcab16b2d59ebbef
analytical_ris,32,10000,815,test,1.9819766053503576,1.837139760743608,0.0,False,0.0180233946496423,0,1,0,analytical_ris_equal_allocation,closed_form_phase_alignment,[],[],{},0.290548,2a8450eb5d4f6f05c03681c57cc71c0590f449be523644dbfde0384d2f23053d,fc61d5cda7da39530055bae9bd0e92865f995cd9,6ec54735c1c2c35cd253d9d3d23295783293b6d64c65204dfcab16b2d59ebbef
analytical_ris,32,10000,816,test,1.981987208494978,1.837235951733436,0.0,False,0.0180127915050221,0,1,0,analytical_ris_equal_allocation,closed_form_phase_alignment,[],[],{},0.612872,2a8450eb5d4f6f05c03681c57cc71c0590f449be523644dbfde0384d2f23053d,fc61d5cda7da39530055bae9bd0e92865f995cd9,6ec54735c1c2c35cd253d9d3d23295783293b6d64c65204dfcab16b2d59ebbef
analytical_ris,32,10000,817,test,1.9820073429951213,1.8374186148003748,0.0,False,0.0179926570048785,0,1,0,analytical_ris_equal_allocation,closed_form_phase_alignment,[],[],{},0.693888,2a8450eb5d4f6f05c03681c57cc71c0590f449be523644dbfde0384d2f23053d,fc61d5cda7da39530055bae9bd0e92865f995cd9,6ec54735c1c2c35cd253d9d3d23295783293b6d64c65204dfcab16b2d59ebbef
analytical_ris,32,10000,818,test,1.9820194985070296,1.8375288893980668,0.0,False,0.0179805014929701,0,1,0,analytical_ris_equal_allocation,closed_form_phase_alignment,[],[],{},0.682189,2a8450eb5d4f6f05c03681c57cc71c0590f449be523644dbfde0384d2f23053d,fc61d5cda7da39530055bae9bd0e92865f995cd9,6ec54735c1c2c35cd253d9d3d23295783293b6d64c65204dfcab16b2d59ebbef
analytical_ris,32,10000,819,test,1.981996600242286,1.8373211560154048,0.0,False,0.018003399757714,0,1,0,analytical_ris_equal_allocation,closed_form_phase_alignment,[],[],{},0.372766,2a8450eb5d4f6f05c03681c57cc71c0590f449be523644dbfde0384d2f23053d,fc61d5cda7da39530055bae9bd0e92865f995cd9,6ec54735c1c2c35cd253d9d3d23295783293b6d64c65204dfcab16b2d59ebbef
analytical_ris,32,10000,820,test,1.982017331027753,1.8375092251820984,0.0,False,0.017982668972247,0,1,0,analytical_ris_equal_allocation,closed_form_phase_alignment,[],[],{},0.839442,2a8450eb5d4f6f05c03681c57cc71c0590f449be523644dbfde0384d2f23053d,fc61d5cda7da39530055bae9bd0e92865f995cd9,6ec54735c1c2c35cd253d9d3d23295783293b6d64c65204dfcab16b2d59ebbef
analytical_ris,32,10000,821,test,1.9820186229645929,1.837520946546144,0.0,False,0.0179813770354073,0,1,0,analytical_ris_equal_allocation,closed_form_phase_alignment,[],[],{},0.699964,2a8450eb5d4f6f05c03681c57cc71c0590f449be523644dbfde0384d2f23053d,fc61d5cda7da39530055bae9bd0e92865f995cd9,6ec54735c1c2c35cd253d9d3d23295783293b6d64c65204dfcab16b2d59ebbef
analytical_ris,32,10000,822,test,1.981887939383853,1.8363353036423269,0.0,False,0.0181120606161463,0,1,0,analytical_ris_equal_allocation,closed_form_phase_alignment,[],[],{},0.663931,2a8450eb5d4f6f05c03681c57cc71c0590f449be523644dbfde0384d2f23053d,fc61d5cda7da39530055bae9bd0e92865f995cd9,6ec54735c1c2c35cd253d9d3d23295783293b6d64c65204dfcab16b2d59ebbef
analytical_ris,32,10000,823,test,1.9819438958222704,1.8368430028876503,0.0,False,0.0180561041777298,0,1,0,analytical_ris_equal_allocation,closed_form_phase_alignment,[],[],{},0.440547,2a8450eb5d4f6f05c03681c57cc71c0590f449be523644dbfde0384d2f23053d,fc61d5cda7da39530055bae9bd0e92865f995cd9,6ec54735c1c2c35cd253d9d3d23295783293b6d64c65204dfcab16b2d59ebbef
analytical_ris,32,10000,824,test,1.98198365900745,1.8372037513189865,0.0,False,0.0180163409925498,0,1,0,analytical_ris_equal_allocation,closed_form_phase_alignment,[],[],{},0.557851,2a8450eb5d4f6f05c03681c57cc71c0590f449be523644dbfde0384d2f23053d,fc61d5cda7da39530055bae9bd0e92865f995cd9,6ec54735c1c2c35cd253d9d3d23295783293b6d64c65204dfcab16b2d59ebbef
analytical_ris,32,10000,825,test,1.982036381609714,1.837682050814652,0.0,False,0.017963618390286,0,1,0,analytical_ris_equal_allocation,closed_form_phase_alignment,[],[],{},0.475691,2a8450eb5d4f6f05c03681c57cc71c0590f449be523644dbfde0384d2f23053d,fc61d5cda7da39530055bae9bd0e92865f995cd9,6ec54735c1c2c35cd253d9d3d23295783293b6d64c65204dfcab16b2d59ebbef
analytical_ris,32,10000,826,test,1.9819848258032997,1.8372143359130104,0.0,False,0.0180151741967007,0,1,0,analytical_ris_equal_allocation,closed_form_phase_alignment,[],[],{},0.327813,2a8450eb5d4f6f05c03681c57cc71c0590f449be523644dbfde0384d2f23053d,fc61d5cda7da39530055bae9bd0e92865f995cd9,6ec54735c1c2c35cd253d9d3d23295783293b6d64c65204dfcab16b2d59ebbef
analytical_ris,32,10000,827,test,1.9819634485706827,1.8370203970001004,0.0,False,0.0180365514293172,0,1,0,analytical_ris_equal_allocation,closed_form_phase_alignment,[],[],{},0.40741,2a8450eb5d4f6f05c03681c57cc71c0590f449be523644dbfde0384d2f23053d,fc61d5cda7da39530055bae9bd0e92865f995cd9,6ec54735c1c2c35cd253d9d3d23295783293b6d64c65204dfcab16b2d59ebbef
analytical_ris,32,10000,828,test,1.9820091409380785,1.8374349258090763,0.0,False,0.0179908590619218,0,1,0,analytical_ris_equal_allocation,closed_form_phase_alignment,[],[],{},0.347524,2a8450eb5d4f6f05c03681c57cc71c0590f449be523644dbfde0384d2f23053d,fc61d5cda7da39530055bae9bd0e92865f995cd9,6ec54735c1c2c35cd253d9d3d23295783293b6d64c65204dfcab16b2d59ebbef
analytical_ris,32,10000,829,test,1.982010054784212,1.8374432158507328,0.0,False,0.017989945215788,0,1,0,analytical_ris_equal_allocation,closed_form_phase_alignment,[],[],{},0.297404,2a8450eb5d4f6f05c03681c57cc71c0590f449be523644dbfde0384d2f23053d,fc61d5cda7da39530055bae9bd0e92865f995cd9,6ec54735c1c2c35cd253d9d3d23295783293b6d64c65204dfcab16b2d59ebbef
analytical_ris,32,10000,830,test,1.9819941366616127,1.837298804891262,0.0,False,0.0180058633383869,0,1,0,analytical_ris_equal_allocation,closed_form_phase_alignment,[],[],{},0.366964,2a8450eb5d4f6f05c03681c57cc71c0590f449be523644dbfde0384d2f23053d,fc61d5cda7da39530055bae9bd0e92865f995cd9,6ec54735c1c2c35cd253d9d3d23295783293b6d64c65204dfcab16b2d59ebbef
analytical_ris,32,10000,831,test,1.9820141317257625,1.8374802022689103,0.0,False,0.0179858682742375,0,1,0,analytical_ris_equal_allocation,closed_form_phase_alignment,[],[],{},0.369411,2a8450eb5d4f6f05c03681c57cc71c0590f449be523644dbfde0384d2f23053d,fc61d5cda7da39530055bae9bd0e92865f995cd9,6ec54735c1c2c35cd253d9d3d23295783293b6d64c65204dfcab16b2d59ebbef
analytical_ris,32,10000,832,test,1.9819694856851724,1.83707516659934,0.0,False,0.0180305143148277,0,1,0,analytical_ris_equal_allocation,closed_form_phase_alignment,[],[],{},0.319592,2a8450eb5d4f6f05c03681c57cc71c0590f449be523644dbfde0384d2f23053d,fc61d5cda7da39530055bae9bd0e92865f995cd9,6ec54735c1c2c35cd253d9d3d23295783293b6d64c65204dfcab16b2d59ebbef
analytical_ris,32,10000,833,test,1.982024524814699,1.837574487564664,0.0,False,0.017975475185301,0,1,0,analytical_ris_equal_allocation,closed_form_phase_alignment,[],[],{},0.358542,2a8450eb5d4f6f05c03681c57cc71c0590f449be523644dbfde0384d2f23053d,fc61d5cda7da39530055bae9bd0e92865f995cd9,6ec54735c1c2c35cd253d9d3d23295783293b6d64c65204dfcab16b2d59ebbef
analytical_ris,32,10000,834,test,1.9819956064101092,1.8373121352639872,0.0,False,0.0180043935898904,0,1,0,analytical_ris_equal_allocation,closed_form_phase_alignment,[],[],{},0.304445,2a8450eb5d4f6f05c03681c57cc71c0590f449be523644dbfde0384d2f23053d,fc61d5cda7da39530055bae9bd0e92865f995cd9,6ec54735c1c2c35cd253d9d3d23295783293b6d64c65204dfcab16b2d59ebbef
analytical_ris,32,10000,835,test,1.9819990784045856,1.837343637240172,0.0,False,0.0180009215954141,0,1,0,analytical_ris_equal_allocation,closed_form_phase_alignment,[],[],{},0.445067,2a8450eb5d4f6f05c03681c57cc71c0590f449be523644dbfde0384d2f23053d,fc61d5cda7da39530055bae9bd0e92865f995cd9,6ec54735c1c2c35cd253d9d3d23295783293b6d64c65204dfcab16b2d59ebbef
analytical_ris,32,10000,836,test,1.9820060323657405,1.8374067238470184,0.0,False,0.0179939676342594,0,1,0,analytical_ris_equal_allocation,closed_form_phase_alignment,[],[],{},0.298734,2a8450eb5d4f6f05c03681c57cc71c0590f449be523644dbfde0384d2f23053d,fc61d5cda7da39530055bae9bd0e92865f995cd9,6ec54735c1c2c35cd253d9d3d23295783293b6d64c65204dfcab16b2d59ebbef
analytical_ris,32,10000,837,test,1.981943651549494,1.836840784424028,0.0,False,0.0180563484505059,0,1,0,analytical_ris_equal_allocation,closed_form_phase_alignment,[],[],{},0.311143,2a8450eb5d4f6f05c03681c57cc71c0590f449be523644dbfde0384d2f23053d,fc61d5cda7da39530055bae9bd0e92865f995cd9,6ec54735c1c2c35cd253d9d3d23295783293b6d64c65204dfcab16b2d59ebbef
analytical_ris,32,10000,838,test,1.9819951776604292,1.8373082499041584,0.0,False,0.0180048223395705,0,1,0,analytical_ris_equal_allocation,closed_form_phase_alignment,[],[],{},0.300619,2a8450eb5d4f6f05c03681c57cc71c0590f449be523644dbfde0384d2f23053d,fc61d5cda7da39530055bae9bd0e92865f995cd9,6ec54735c1c2c35cd253d9d3d23295783293b6d64c65204dfcab16b2d59ebbef
analytical_ris,32,10000,839,test,1.9819521577837769,1.836917966330056,0.0,False,0.0180478422162231,0,1,0,analytical_ris_equal_allocation,closed_form_phase_alignment,[],[],{},0.281845,2a8450eb5d4f6f05c03681c57cc71c0590f449be523644dbfde0384d2f23053d,fc61d5cda7da39530055bae9bd0e92865f995cd9,6ec54735c1c2c35cd253d9d3d23295783293b6d64c65204dfcab16b2d59ebbef
analytical_ris,32,10000,840,test,1.982033739468188,1.8376580821482764,0.0,False,0.0179662605318122,0,1,0,analytical_ris_equal_allocation,closed_form_phase_alignment,[],[],{},0.363698,2a8450eb5d4f6f05c03681c57cc71c0590f449be523644dbfde0384d2f23053d,fc61d5cda7da39530055bae9bd0e92865f995cd9,6ec54735c1c2c35cd253d9d3d23295783293b6d64c65204dfcab16b2d59ebbef
analytical_ris,32,10000,841,test,1.982026662923844,1.8375938843926896,0.0,False,0.0179733370761558,0,1,0,analytical_ris_equal_allocation,closed_form_phase_alignment,[],[],{},0.374773,2a8450eb5d4f6f05c03681c57cc71c0590f449be523644dbfde0384d2f23053d,fc61d5cda7da39530055bae9bd0e92865f995cd9,6ec54735c1c2c35cd253d9d3d23295783293b6d64c65204dfcab16b2d59ebbef
analytical_ris,32,10000,842,test,1.982018804473744,1.8375225928125307,0.0,False,0.0179811955262557,0,1,0,analytical_ris_equal_allocation,closed_form_phase_alignment,[],[],{},0.364895,2a8450eb5d4f6f05c03681c57cc71c0590f449be523644dbfde0384d2f23053d,fc61d5cda7da39530055bae9bd0e92865f995cd9,6ec54735c1c2c35cd253d9d3d23295783293b6d64c65204dfcab16b2d59ebbef
analytical_ris,32,10000,843,test,1.9820011560895103,1.8373624871827452,0.0,False,0.0179988439104893,0,1,0,analytical_ris_equal_allocation,closed_form_phase_alignment,[],[],{},0.285231,2a8450eb5d4f6f05c03681c57cc71c0590f449be523644dbfde0384d2f23053d,fc61d5cda7da39530055bae9bd0e92865f995cd9,6ec54735c1c2c35cd253d9d3d23295783293b6d64c65204dfcab16b2d59ebbef
analytical_ris,32,10000,844,test,1.9819475523190249,1.8368761803403573,0.0,False,0.018052447680975,0,1,0,analytical_ris_equal_allocation,closed_form_phase_alignment,[],[],{},0.274653,2a8450eb5d4f6f05c03681c57cc71c0590f449be523644dbfde0384d2f23053d,fc61d5cda7da39530055bae9bd0e92865f995cd9,6ec54735c1c2c35cd253d9d3d23295783293b6d64c65204dfcab16b2d59ebbef
analytical_ris,32,10000,845,test,1.981968859885047,1.8370694907603573,0.0,False,0.0180311401149531,0,1,0,analytical_ris_equal_allocation,closed_form_phase_alignment,[],[],{},0.308629,2a8450eb5d4f6f05c03681c57cc71c0590f449be523644dbfde0384d2f23053d,fc61d5cda7da39530055bae9bd0e92865f995cd9,6ec54735c1c2c35cd253d9d3d23295783293b6d64c65204dfcab16b2d59ebbef
analytical_ris,32,10000,846,test,1.982030036382781,1.8376244879039303,0.0,False,0.017969963617219,0,1,0,analytical_ris_equal_allocation,closed_form_phase_alignment,[],[],{},0.297324,2a8450eb5d4f6f05c03681c57cc71c0590f449be523644dbfde0384d2f23053d,fc61d5cda7da39530055bae9bd0e92865f995cd9,6ec54735c1c2c35cd253d9d3d23295783293b6d64c65204dfcab16b2d59ebbef
analytical_ris,32,10000,847,test,1.98203144663686,1.8376372814689552,0.0,False,0.0179685533631399,0,1,0,analytical_ris_equal_allocation,closed_form_phase_alignment,[],[],{},0.272018,2a8450eb5d4f6f05c03681c57cc71c0590f449be523644dbfde0384d2f23053d,fc61d5cda7da39530055bae9bd0e92865f995cd9,6ec54735c1c2c35cd253d9d3d23295783293b6d64c65204dfcab16b2d59ebbef
analytical_ris,32,10000,848,test,1.982012720084974,1.837467394601992,0.0,False,0.0179872799150261,0,1,0,analytical_ris_equal_allocation,closed_form_phase_alignment,[],[],{},0.283025,2a8450eb5d4f6f05c03681c57cc71c0590f449be523644dbfde0384d2f23053d,fc61d5cda7da39530055bae9bd0e92865f995cd9,6ec54735c1c2c35cd253d9d3d23295783293b6d64c65204dfcab16b2d59ebbef
analytical_ris,32,10000,849,test,1.9820121722903308,1.8374624265400303,0.0,False,0.0179878277096692,0,1,0,analytical_ris_equal_allocation,closed_form_phase_alignment,[],[],{},0.248784,2a8450eb5d4f6f05c03681c57cc71c0590f449be523644dbfde0384d2f23053d,fc61d5cda7da39530055bae9bd0e92865f995cd9,6ec54735c1c2c35cd253d9d3d23295783293b6d64c65204dfcab16b2d59ebbef
analytical_ris,32,10000,850,test,1.9819685774042768,1.8370669197645069,0.0,False,0.0180314225957232,0,1,0,analytical_ris_equal_allocation,closed_form_phase_alignment,[],[],{},0.290218,2a8450eb5d4f6f05c03681c57cc71c0590f449be523644dbfde0384d2f23053d,fc61d5cda7da39530055bae9bd0e92865f995cd9,6ec54735c1c2c35cd253d9d3d23295783293b6d64c65204dfcab16b2d59ebbef
analytical_ris,32,10000,851,test,1.9819689598864725,1.83707039861294,0.0,False,0.0180310401135277,0,1,0,analytical_ris_equal_allocation,closed_form_phase_alignment,[],[],{},0.26404,2a8450eb5d4f6f05c03681c57cc71c0590f449be523644dbfde0384d2f23053d,fc61d5cda7da39530055bae9bd0e92865f995cd9,6ec54735c1c2c35cd253d9d3d23295783293b6d64c65204dfcab16b2d59ebbef
analytical_ris,32,10000,852,test,1.982021163419918,1.8375439924942043,0.0,False,0.017978836580082,0,1,0,analytical_ris_equal_allocation,closed_form_phase_alignment,[],[],{},0.282778,2a8450eb5d4f6f05c03681c57cc71c0590f449be523644dbfde0384d2f23053d,fc61d5cda7da39530055bae9bd0e92865f995cd9,6ec54735c1c2c35cd253d9d3d23295783293b6d64c65204dfcab16b2d59ebbef
analytical_ris,32,10000,853,test,1.982021632065793,1.8375482436448105,0.0,False,0.0179783679342067,0,1,0,analytical_ris_equal_allocation,closed_form_phase_alignment,[],[],{},0.271375,2a8450eb5d4f6f05c03681c57cc71c0590f449be523644dbfde0384d2f23053d,fc61d5cda7da39530055bae9bd0e92865f995cd9,6ec54735c1c2c35cd253d9d3d23295783293b6d64c65204dfcab16b2d59ebbef
analytical_ris,32,10000,854,test,1.982001075111708,1.8373617528743784,0.0,False,0.0179989248882921,0,1,0,analytical_ris_equal_allocation,closed_form_phase_alignment,[],[],{},0.288079,2a8450eb5d4f6f05c03681c57cc71c0590f449be523644dbfde0384d2f23053d,fc61d5cda7da39530055bae9bd0e92865f995cd9,6ec54735c1c2c35cd253d9d3d23295783293b6d64c65204dfcab16b2d59ebbef
analytical_ris,32,10000,855,test,1.9820077048325857,1.8374218975318213,0.0,False,0.0179922951674142,0,1,0,analytical_ris_equal_allocation,closed_form_phase_alignment,[],[],{},0.34634,2a8450eb5d4f6f05c03681c57cc71c0590f449be523644dbfde0384d2f23053d,fc61d5cda7da39530055bae9bd0e92865f995cd9,6ec54735c1c2c35cd253d9d3d23295783293b6d64c65204dfcab16b2d59ebbef
analytical_ris,32,10000,856,test,1.982022626446048,1.837557265927828,0.0,False,0.017977373553952,0,1,0,analytical_ris_equal_allocation,closed_form_phase_alignment,[],[],{},0.288997,2a8450eb5d4f6f05c03681c57cc71c0590f449be523644dbfde0384d2f23053d,fc61d5cda7da39530055bae9bd0e92865f995cd9,6ec54735c1c2c35cd253d9d3d23295783293b6d64c65204dfcab16b2d59ebbef
analytical_ris,32,10000,857,test,1.9820269418413488,1.837596414418334,0.0,False,0.0179730581586512,0,1,0,analytical_ris_equal_allocation,closed_form_phase_alignment,[],[],{},0.270855,2a8450eb5d4f6f05c03681c57cc71c0590f449be523644dbfde0384d2f23053d,fc61d5cda7da39530055bae9bd0e92865f995cd9,6ec54735c1c2c35cd253d9d3d23295783293b6d64c65204dfcab16b2d59ebbef
analytical_ris,32,10000,858,test,1.982000796077284,1.8373592190463504,0.0,False,0.0179992039227159,0,1,0,analytical_ris_equal_allocation,closed_form_phase_alignment,[],[],{},0.303801,2a8450eb5d4f6f05c03681c57cc71c0590f449be523644dbfde0384d2f23053d,fc61d5cda7da39530055bae9bd0e92865f995cd9,6ec54735c1c2c35cd253d9d3d23295783293b6d64c65204dfcab16b2d59ebbef
analytical_ris,32,10000,859,test,1.9819173846155755,1.836602474886286,0.0,False,0.0180826153844246,0,1,0,analytical_ris_equal_allocation,closed_form_phase_alignment,[],[],{},0.290141,2a8450eb5d4f6f05c03681c57cc71c0590f449be523644dbfde0384d2f23053d,fc61d5cda7da39530055bae9bd0e92865f995cd9,6ec54735c1c2c35cd253d9d3d23295783293b6d64c65204dfcab16b2d59ebbef
analytical_ris,32,10000,860,test,1.981991514322204,1.837275014952589,0.0,False,0.0180084856777963,0,1,0,analytical_ris_equal_allocation,closed_form_phase_alignment,[],[],{},0.293108,2a8450eb5d4f6f05c03681c57cc71c0590f449be523644dbfde0384d2f23053d,fc61d5cda7da39530055bae9bd0e92865f995cd9,6ec54735c1c2c35cd253d9d3d23295783293b6d64c65204dfcab16b2d59ebbef
analytical_ris,32,10000,861,test,1.9819846734323656,1.8372129544574376,0.0,False,0.0180153265676343,0,1,0,analytical_ris_equal_allocation,closed_form_phase_alignment,[],[],{},0.273096,2a8450eb5d4f6f05c03681c57cc71c0590f449be523644dbfde0384d2f23053d,fc61d5cda7da39530055bae9bd0e92865f995cd9,6ec54735c1c2c35cd253d9d3d23295783293b6d64c65204dfcab16b2d59ebbef
analytical_ris,32,10000,862,test,1.9819643267842035,1.837028363364812,0.0,False,0.0180356732157968,0,1,0,analytical_ris_equal_allocation,closed_form_phase_alignment,[],[],{},0.288835,2a8450eb5d4f6f05c03681c57cc71c0590f449be523644dbfde0384d2f23053d,fc61d5cda7da39530055bae9bd0e92865f995cd9,6ec54735c1c2c35cd253d9d3d23295783293b6d64c65204dfcab16b2d59ebbef
analytical_ris,32,10000,863,test,1.982035763891826,1.83767644730007,0.0,False,0.0179642361081739,0,1,0,analytical_ris_equal_allocation,closed_form_phase_alignment,[],[],{},0.313275,2a8450eb5d4f6f05c03681c57cc71c0590f449be523644dbfde0384d2f23053d,fc61d5cda7da39530055bae9bd0e92865f995cd9,6ec54735c1c2c35cd253d9d3d23295783293b6d64c65204dfcab16b2d59ebbef
analytical_ris,32,10000,864,test,1.9820260346592775,1.8375881847478208,0.0,False,0.0179739653407222,0,1,0,analytical_ris_equal_allocation,closed_form_phase_alignment,[],[],{},0.303616,2a8450eb5d4f6f05c03681c57cc71c0590f449be523644dbfde0384d2f23053d,fc61d5cda7da39530055bae9bd0e92865f995cd9,6ec54735c1c2c35cd253d9d3d23295783293b6d64c65204dfcab16b2d59ebbef
analytical_ris,32,10000,865,test,1.981987316906896,1.8372369361874303,0.0,False,0.0180126830931041,0,1,0,analytical_ris_equal_allocation,closed_form_phase_alignment,[],[],{},0.271016,2a8450eb5d4f6f05c03681c57cc71c0590f449be523644dbfde0384d2f23053d,fc61d5cda7da39530055bae9bd0e92865f995cd9,6ec54735c1c2c35cd253d9d3d23295783293b6d64c65204dfcab16b2d59ebbef
analytical_ris,32,10000,866,test,1.9818922713654368,1.836374628545338,0.0,False,0.0181077286345636,0,1,0,analytical_ris_equal_allocation,closed_form_phase_alignment,[],[],{},0.332026,2a8450eb5d4f6f05c03681c57cc71c0590f449be523644dbfde0384d2f23053d,fc61d5cda7da39530055bae9bd0e92865f995cd9,6ec54735c1c2c35cd253d9d3d23295783293b6d64c65204dfcab16b2d59ebbef
analytical_ris,32,10000,867,test,1.98202471058792,1.8375761725285056,0.0,False,0.0179752894120798,0,1,0,analytical_ris_equal_allocation,closed_form_phase_alignment,[],[],{},0.317876,2a8450eb5d4f6f05c03681c57cc71c0590f449be523644dbfde0384d2f23053d,fc61d5cda7da39530055bae9bd0e92865f995cd9,6ec54735c1c2c35cd253d9d3d23295783293b6d64c65204dfcab16b2d59ebbef
analytical_ris,32,10000,868,test,1.9819878106225115,1.8372414150910463,0.0,False,0.0180121893774888,0,1,0,analytical_ris_equal_allocation,closed_form_phase_alignment,[],[],{},0.276643,2a8450eb5d4f6f05c03681c57cc71c0590f449be523644dbfde0384d2f23053d,fc61d5cda7da39530055bae9bd0e92865f995cd9,6ec54735c1c2c35cd253d9d3d23295783293b6d64c65204dfcab16b2d59ebbef
analytical_ris,32,10000,869,test,1.981659716360306,1.834264354335936,0.0,False,0.018340283639694,0,1,0,analytical_ris_equal_allocation,closed_form_phase_alignment,[],[],{},0.252055,2a8450eb5d4f6f05c03681c57cc71c0590f449be523644dbfde0384d2f23053d,fc61d5cda7da39530055bae9bd0e92865f995cd9,6ec54735c1c2c35cd253d9d3d23295783293b6d64c65204dfcab16b2d59ebbef
analytical_ris,32,10000,870,test,1.982007890087893,1.837423577624669,0.0,False,0.017992109912107,0,1,0,analytical_ris_equal_allocation,closed_form_phase_alignment,[],[],{},0.28827,2a8450eb5d4f6f05c03681c57cc71c0590f449be523644dbfde0384d2f23053d,fc61d5cda7da39530055bae9bd0e92865f995cd9,6ec54735c1c2c35cd253d9d3d23295783293b6d64c65204dfcab16b2d59ebbef
analytical_ris,32,10000,871,test,1.9819202789871135,1.8366287402277093,0.0,False,0.0180797210128862,0,1,0,analytical_ris_equal_allocation,closed_form_phase_alignment,[],[],{},0.288829,2a8450eb5d4f6f05c03681c57cc71c0590f449be523644dbfde0384d2f23053d,fc61d5cda7da39530055bae9bd0e92865f995cd9,6ec54735c1c2c35cd253d9d3d23295783293b6d64c65204dfcab16b2d59ebbef
analytical_ris,32,10000,872,test,1.9819726447515893,1.8371038265688708,0.0,False,0.0180273552484107,0,1,0,analytical_ris_equal_allocation,closed_form_phase_alignment,[],[],{},0.465241,2a8450eb5d4f6f05c03681c57cc71c0590f449be523644dbfde0384d2f23053d,fc61d5cda7da39530055bae9bd0e92865f995cd9,6ec54735c1c2c35cd253d9d3d23295783293b6d64c65204dfcab16b2d59ebbef
analytical_ris,32,10000,873,test,1.981997898249068,1.8373329297682444,0.0,False,0.0180021017509323,0,1,0,analytical_ris_equal_allocation,closed_form_phase_alignment,[],[],{},0.319735,2a8450eb5d4f6f05c03681c57cc71c0590f449be523644dbfde0384d2f23053d,fc61d5cda7da39530055bae9bd0e92865f995cd9,6ec54735c1c2c35cd253d9d3d23295783293b6d64c65204dfcab16b2d59ebbef
analytical_ris,32,10000,874,test,1.982011490150683,1.8374562365610008,0.0,False,0.0179885098493173,0,1,0,analytical_ris_equal_allocation,closed_form_phase_alignment,[],[],{},0.337708,2a8450eb5d4f6f05c03681c57cc71c0590f449be523644dbfde0384d2f23053d,fc61d5cda7da39530055bae9bd0e92865f995cd9,6ec54735c1c2c35cd253d9d3d23295783293b6d64c65204dfcab16b2d59ebbef
analytical_ris,32,10000,875,test,1.981934133566596,1.8367544435540069,0.0,False,0.018065866433404,0,1,0,analytical_ris_equal_allocation,closed_form_phase_alignment,[],[],{},0.307623,2a8450eb5d4f6f05c03681c57cc71c0590f449be523644dbfde0384d2f23053d,fc61d5cda7da39530055bae9bd0e92865f995cd9,6ec54735c1c2c35cd253d9d3d23295783293b6d64c65204dfcab16b2d59ebbef
analytical_ris,32,10000,876,test,1.9820278290242657,1.8376044633250597,0.0,False,0.0179721709757342,0,1,0,analytical_ris_equal_allocation,closed_form_phase_alignment,[],[],{},0.288498,2a8450eb5d4f6f05c03681c57cc71c0590f449be523644dbfde0384d2f23053d,fc61d5cda7da39530055bae9bd0e92865f995cd9,6ec54735c1c2c35cd253d9d3d23295783293b6d64c65204dfcab16b2d59ebbef
analytical_ris,32,10000,877,test,1.982015686769934,1.8374943091634608,0.0,False,0.017984313230066,0,1,0,analytical_ris_equal_allocation,closed_form_phase_alignment,[],[],{},0.286178,2a8450eb5d4f6f05c03681c57cc71c0590f449be523644dbfde0384d2f23053d,fc61d5cda7da39530055bae9bd0e92865f995cd9,6ec54735c1c2c35cd253d9d3d23295783293b6d64c65204dfcab16b2d59ebbef
analytical_ris,32,10000,878,test,1.9820272103477603,1.8375988502719736,0.0,False,0.0179727896522396,0,1,0,analytical_ris_equal_allocation,closed_form_phase_alignment,[],[],{},0.293279,2a8450eb5d4f6f05c03681c57cc71c0590f449be523644dbfde0384d2f23053d,fc61d5cda7da39530055bae9bd0e92865f995cd9,6ec54735c1c2c35cd253d9d3d23295783293b6d64c65204dfcab16b2d59ebbef
analytical_ris,32,10000,879,test,1.9819915603010012,1.8372754324612517,0.0,False,0.0180084396989985,0,1,0,analytical_ris_equal_allocation,closed_form_phase_alignment,[],[],{},0.341908,2a8450eb5d4f6f05c03681c57cc71c0590f449be523644dbfde0384d2f23053d,fc61d5cda7da39530055bae9bd0e92865f995cd9,6ec54735c1c2c35cd253d9d3d23295783293b6d64c65204dfcab16b2d59ebbef
analytical_ris,32,10000,880,test,1.981999132332239,1.837344127489364,0.0,False,0.0180008676677609,0,1,0,analytical_ris_equal_allocation,closed_form_phase_alignment,[],[],{},0.274849,2a8450eb5d4f6f05c03681c57cc71c0590f449be523644dbfde0384d2f23053d,fc61d5cda7da39530055bae9bd0e92865f995cd9,6ec54735c1c2c35cd253d9d3d23295783293b6d64c65204dfcab16b2d59ebbef
analytical_ris,32,10000,881,test,1.9820203819111777,1.8375369033919164,0.0,False,0.0179796180888221,0,1,0,analytical_ris_equal_allocation,closed_form_phase_alignment,[],[],{},0.315172,2a8450eb5d4f6f05c03681c57cc71c0590f449be523644dbfde0384d2f23053d,fc61d5cda7da39530055bae9bd0e92865f995cd9,6ec54735c1c2c35cd253d9d3d23295783293b6d64c65204dfcab16b2d59ebbef
analytical_ris,32,10000,882,test,1.9820082708986224,1.837427032328684,0.0,False,0.0179917291013776,0,1,0,analytical_ris_equal_allocation,closed_form_phase_alignment,[],[],{},0.318354,2a8450eb5d4f6f05c03681c57cc71c0590f449be523644dbfde0384d2f23053d,fc61d5cda7da39530055bae9bd0e92865f995cd9,6ec54735c1c2c35cd253d9d3d23295783293b6d64c65204dfcab16b2d59ebbef
analytical_ris,32,10000,883,test,1.9819797122985687,1.8371679394831617,0.0,False,0.0180202877014312,0,1,0,analytical_ris_equal_allocation,closed_form_phase_alignment,[],[],{},0.272127,2a8450eb5d4f6f05c03681c57cc71c0590f449be523644dbfde0384d2f23053d,fc61d5cda7da39530055bae9bd0e92865f995cd9,6ec54735c1c2c35cd253d9d3d23295783293b6d64c65204dfcab16b2d59ebbef
analytical_ris,32,10000,884,test,1.9820394875037024,1.8377102271829175,0.0,False,0.0179605124962974,0,1,0,analytical_ris_equal_allocation,closed_form_phase_alignment,[],[],{},0.512466,2a8450eb5d4f6f05c03681c57cc71c0590f449be523644dbfde0384d2f23053d,fc61d5cda7da39530055bae9bd0e92865f995cd9,6ec54735c1c2c35cd253d9d3d23295783293b6d64c65204dfcab16b2d59ebbef
analytical_ris,32,10000,885,test,1.982003884983197,1.837387243390629,0.0,False,0.0179961150168033,0,1,0,analytical_ris_equal_allocation,closed_form_phase_alignment,[],[],{},0.297283,2a8450eb5d4f6f05c03681c57cc71c0590f449be523644dbfde0384d2f23053d,fc61d5cda7da39530055bae9bd0e92865f995cd9,6ec54735c1c2c35cd253d9d3d23295783293b6d64c65204dfcab16b2d59ebbef
analytical_ris,32,10000,886,test,1.982024514229596,1.8375743912131524,0.0,False,0.017975485770404,0,1,0,analytical_ris_equal_allocation,closed_form_phase_alignment,[],[],{},0.271489,2a8450eb5d4f6f05c03681c57cc71c0590f449be523644dbfde0384d2f23053d,fc61d5cda7da39530055bae9bd0e92865f995cd9,6ec54735c1c2c35cd253d9d3d23295783293b6d64c65204dfcab16b2d59ebbef
analytical_ris,32,10000,887,test,1.9819438579517936,1.8368426714511803,0.0,False,0.0180561420482063,0,1,0,analytical_ris_equal_allocation,closed_form_phase_alignment,[],[],{},0.295389,2a8450eb5d4f6f05c03681c57cc71c0590f449be523644dbfde0384d2f23053d,fc61d5cda7da39530055bae9bd0e92865f995cd9,6ec54735c1c2c35cd253d9d3d23295783293b6d64c65204dfcab16b2d59ebbef
analytical_ris,32,10000,888,test,1.98201278936516,1.837468023505058,0.0,False,0.0179872106348397,0,1,0,analytical_ris_equal_allocation,closed_form_phase_alignment,[],[],{},0.327225,2a8450eb5d4f6f05c03681c57cc71c0590f449be523644dbfde0384d2f23053d,fc61d5cda7da39530055bae9bd0e92865f995cd9,6ec54735c1c2c35cd253d9d3d23295783293b6d64c65204dfcab16b2d59ebbef
analytical_ris,32,10000,889,test,1.9820246453015495,1.8375755804017209,0.0,False,0.0179753546984502,0,1,0,analytical_ris_equal_allocation,closed_form_phase_alignment,[],[],{},0.305508,2a8450eb5d4f6f05c03681c57cc71c0590f449be523644dbfde0384d2f23053d,fc61d5cda7da39530055bae9bd0e92865f995cd9,6ec54735c1c2c35cd253d9d3d23295783293b6d64c65204dfcab16b2d59ebbef
analytical_ris,32,10000,890,test,1.982007313282728,1.8374183456271216,0.0,False,0.0179926867172723,0,1,0,analytical_ris_equal_allocation,closed_form_phase_alignment,[],[],{},0.27072,2a8450eb5d4f6f05c03681c57cc71c0590f449be523644dbfde0384d2f23053d,fc61d5cda7da39530055bae9bd0e92865f995cd9,6ec54735c1c2c35cd253d9d3d23295783293b6d64c65204dfcab16b2d59ebbef
analytical_ris,32,10000,891,test,1.9819717195644215,1.8370954317122472,0.0,False,0.0180282804355781,0,1,0,analytical_ris_equal_allocation,closed_form_phase_alignment,[],[],{},0.256677,2a8450eb5d4f6f05c03681c57cc71c0590f449be523644dbfde0384d2f23053d,fc61d5cda7da39530055bae9bd0e92865f995cd9,6ec54735c1c2c35cd253d9d3d23295783293b6d64c65204dfcab16b2d59ebbef
analytical_ris,32,10000,892,test,1.9818692342194344,1.8361656136605564,0.0,False,0.0181307657805656,0,1,0,analytical_ris_equal_allocation,closed_form_phase_alignment,[],[],{},0.31609,2a8450eb5d4f6f05c03681c57cc71c0590f449be523644dbfde0384d2f23053d,fc61d5cda7da39530055bae9bd0e92865f995cd9,6ec54735c1c2c35cd253d9d3d23295783293b6d64c65204dfcab16b2d59ebbef
analytical_ris,32,10000,893,test,1.981991081388828,1.8372710877474607,0.0,False,0.0180089186111719,0,1,0,analytical_ris_equal_allocation,closed_form_phase_alignment,[],[],{},0.261089,2a8450eb5d4f6f05c03681c57cc71c0590f449be523644dbfde0384d2f23053d,fc61d5cda7da39530055bae9bd0e92865f995cd9,6ec54735c1c2c35cd253d9d3d23295783293b6d64c65204dfcab16b2d59ebbef
analytical_ris,32,10000,894,test,1.9819527950610043,1.8369237364933544,0.0,False,0.0180472049389956,0,1,0,analytical_ris_equal_allocation,closed_form_phase_alignment,[],[],{},0.287181,2a8450eb5d4f6f05c03681c57cc71c0590f449be523644dbfde0384d2f23053d,fc61d5cda7da39530055bae9bd0e92865f995cd9,6ec54735c1c2c35cd253d9d3d23295783293b6d64c65204dfcab16b2d59ebbef
analytical_ris,32,10000,895,test,1.9819905502324515,1.837266270872614,0.0,False,0.0180094497675486,0,1,0,analytical_ris_equal_allocation,closed_form_phase_alignment,[],[],{},0.26828,2a8450eb5d4f6f05c03681c57cc71c0590f449be523644dbfde0384d2f23053d,fc61d5cda7da39530055bae9bd0e92865f995cd9,6ec54735c1c2c35cd253d9d3d23295783293b6d64c65204dfcab16b2d59ebbef
analytical_ris,32,10000,896,test,1.981971089780896,1.8370897186710304,0.0,False,0.0180289102191041,0,1,0,analytical_ris_equal_allocation,closed_form_phase_alignment,[],[],{},0.243485,2a8450eb5d4f6f05c03681c57cc71c0590f449be523644dbfde0384d2f23053d,fc61d5cda7da39530055bae9bd0e92865f995cd9,6ec54735c1c2c35cd253d9d3d23295783293b6d64c65204dfcab16b2d59ebbef
analytical_ris,32,10000,897,test,1.9820378226145048,1.8376951237158732,0.0,False,0.0179621773854946,0,1,0,analytical_ris_equal_allocation,closed_form_phase_alignment,[],[],{},0.284736,2a8450eb5d4f6f05c03681c57cc71c0590f449be523644dbfde0384d2f23053d,fc61d5cda7da39530055bae9bd0e92865f995cd9,6ec54735c1c2c35cd253d9d3d23295783293b6d64c65204dfcab16b2d59ebbef
analytical_ris,32,10000,898,test,1.9818845136060528,1.8363042186574168,0.0,False,0.0181154863939475,0,1,0,analytical_ris_equal_allocation,closed_form_phase_alignment,[],[],{},0.288313,2a8450eb5d4f6f05c03681c57cc71c0590f449be523644dbfde0384d2f23053d,fc61d5cda7da39530055bae9bd0e92865f995cd9,6ec54735c1c2c35cd253d9d3d23295783293b6d64c65204dfcab16b2d59ebbef
analytical_ris,32,10000,899,test,1.9819940895247825,1.8372983760993504,0.0,False,0.0180059104752173,0,1,0,analytical_ris_equal_allocation,closed_form_phase_alignment,[],[],{},0.282249,2a8450eb5d4f6f05c03681c57cc71c0590f449be523644dbfde0384d2f23053d,fc61d5cda7da39530055bae9bd0e92865f995cd9,6ec54735c1c2c35cd253d9d3d23295783293b6d64c65204dfcab16b2d59ebbef
analytical_ris,32,10000,900,test,1.98203183723924,1.8376408248224567,0.0,False,0.0179681627607601,0,1,0,analytical_ris_equal_allocation,closed_form_phase_alignment,[],[],{},0.311643,2a8450eb5d4f6f05c03681c57cc71c0590f449be523644dbfde0384d2f23053d,fc61d5cda7da39530055bae9bd0e92865f995cd9,6ec54735c1c2c35cd253d9d3d23295783293b6d64c65204dfcab16b2d59ebbef
analytical_ris,32,10000,901,test,1.9820159976981648,1.8374971301515448,0.0,False,0.0179840023018352,0,1,0,analytical_ris_equal_allocation,closed_form_phase_alignment,[],[],{},0.303541,2a8450eb5d4f6f05c03681c57cc71c0590f449be523644dbfde0384d2f23053d,fc61d5cda7da39530055bae9bd0e92865f995cd9,6ec54735c1c2c35cd253d9d3d23295783293b6d64c65204dfcab16b2d59ebbef
analytical_ris,32,10000,902,test,1.9819727130454576,1.837104448789928,0.0,False,0.0180272869545424,0,1,0,analytical_ris_equal_allocation,closed_form_phase_alignment,[],[],{},0.319145,2a8450eb5d4f6f05c03681c57cc71c0590f449be523644dbfde0384d2f23053d,fc61d5cda7da39530055bae9bd0e92865f995cd9,6ec54735c1c2c35cd253d9d3d23295783293b6d64c65204dfcab16b2d59ebbef
analytical_ris,32,10000,903,test,1.982002566446981,1.837375280802015,0.0,False,0.017997433553019,0,1,0,analytical_ris_equal_allocation,closed_form_phase_alignment,[],[],{},0.288634,2a8450eb5d4f6f05c03681c57cc71c0590f449be523644dbfde0384d2f23053d,fc61d5cda7da39530055bae9bd0e92865f995cd9,6ec54735c1c2c35cd253d9d3d23295783293b6d64c65204dfcab16b2d59ebbef
analytical_ris,32,10000,904,test,1.9820186132307056,1.8375208582241875,0.0,False,0.0179813867692939,0,1,0,analytical_ris_equal_allocation,closed_form_phase_alignment,[],[],{},0.266815,2a8450eb5d4f6f05c03681c57cc71c0590f449be523644dbfde0384d2f23053d,fc61d5cda7da39530055bae9bd0e92865f995cd9,6ec54735c1c2c35cd253d9d3d23295783293b6d64c65204dfcab16b2d59ebbef
analytical_ris,32,10000,905,test,1.9819406096327772,1.8368131805294448,0.0,False,0.0180593903672227,0,1,0,analytical_ris_equal_allocation,closed_form_phase_alignment,[],[],{},0.261205,2a8450eb5d4f6f05c03681c57cc71c0590f449be523644dbfde0384d2f23053d,fc61d5cda7da39530055bae9bd0e92865f995cd9,6ec54735c1c2c35cd253d9d3d23295783293b6d64c65204dfcab16b2d59ebbef
analytical_ris,32,10000,906,test,1.9820330117293052,1.837651479390428,0.0,False,0.0179669882706945,0,1,0,analytical_ris_equal_allocation,closed_form_phase_alignment,[],[],{},0.28851,2a8450eb5d4f6f05c03681c57cc71c0590f449be523644dbfde0384d2f23053d,fc61d5cda7da39530055bae9bd0e92865f995cd9,6ec54735c1c2c35cd253d9d3d23295783293b6d64c65204dfcab16b2d59ebbef
analytical_ris,32,10000,907,test,1.9820198508839624,1.837532085838608,0.0,False,0.0179801491160377,0,1,0,analytical_ris_equal_allocation,closed_form_phase_alignment,[],[],{},0.290405,2a8450eb5d4f6f05c03681c57cc71c0590f449be523644dbfde0384d2f23053d,fc61d5cda7da39530055bae9bd0e92865f995cd9,6ec54735c1c2c35cd253d9d3d23295783293b6d64c65204dfcab16b2d59ebbef
analytical_ris,32,10000,908,test,1.9819754801587013,1.8371295526298304,0.0,False,0.0180245198412986,0,1,0,analytical_ris_equal_allocation,closed_form_phase_alignment,[],[],{},0.285463,2a8450eb5d4f6f05c03681c57cc71c0590f449be523644dbfde0384d2f23053d,fc61d5cda7da39530055bae9bd0e92865f995cd9,6ec54735c1c2c35cd253d9d3d23295783293b6d64c65204dfcab16b2d59ebbef
analytical_ris,32,10000,909,test,1.9820250791782532,1.837579516936926,0.0,False,0.0179749208217464,0,1,0,analytical_ris_equal_allocation,closed_form_phase_alignment,[],[],{},0.267619,2a8450eb5d4f6f05c03681c57cc71c0590f449be523644dbfde0384d2f23053d,fc61d5cda7da39530055bae9bd0e92865f995cd9,6ec54735c1c2c35cd253d9d3d23295783293b6d64c65204dfcab16b2d59ebbef
analytical_ris,32,10000,910,test,1.981986065699776,1.837225587043594,0.0,False,0.0180139343002239,0,1,0,analytical_ris_equal_allocation,closed_form_phase_alignment,[],[],{},0.330555,2a8450eb5d4f6f05c03681c57cc71c0590f449be523644dbfde0384d2f23053d,fc61d5cda7da39530055bae9bd0e92865f995cd9,6ec54735c1c2c35cd253d9d3d23295783293b6d64c65204dfcab16b2d59ebbef
analytical_ris,32,10000,911,test,1.9820164531145836,1.837501260902165,0.0,False,0.0179835468854164,0,1,0,analytical_ris_equal_allocation,closed_form_phase_alignment,[],[],{},0.33148,2a8450eb5d4f6f05c03681c57cc71c0590f449be523644dbfde0384d2f23053d,fc61d5cda7da39530055bae9bd0e92865f995cd9,6ec54735c1c2c35cd253d9d3d23295783293b6d64c65204dfcab16b2d59ebbef
analytical_ris,32,10000,912,test,1.981994965283655,1.837306321225675,0.0,False,0.0180050347163449,0,1,0,analytical_ris_equal_allocation,closed_form_phase_alignment,[],[],{},0.285135,2a8450eb5d4f6f05c03681c57cc71c0590f449be523644dbfde0384d2f23053d,fc61d5cda7da39530055bae9bd0e92865f995cd9,6ec54735c1c2c35cd253d9d3d23295783293b6d64c65204dfcab16b2d59ebbef
analytical_ris,32,10000,913,test,1.9820098203837613,1.8374410887648085,0.0,False,0.0179901796162385,0,1,0,analytical_ris_equal_allocation,closed_form_phase_alignment,[],[],{},0.24335,2a8450eb5d4f6f05c03681c57cc71c0590f449be523644dbfde0384d2f23053d,fc61d5cda7da39530055bae9bd0e92865f995cd9,6ec54735c1c2c35cd253d9d3d23295783293b6d64c65204dfcab16b2d59ebbef
analytical_ris,32,10000,914,test,1.9818970632567183,1.8364181031229048,0.0,False,0.0181029367432814,0,1,0,analytical_ris_equal_allocation,closed_form_phase_alignment,[],[],{},0.286723,2a8450eb5d4f6f05c03681c57cc71c0590f449be523644dbfde0384d2f23053d,fc61d5cda7da39530055bae9bd0e92865f995cd9,6ec54735c1c2c35cd253d9d3d23295783293b6d64c65204dfcab16b2d59ebbef
analytical_ris,32,10000,915,test,1.9819281535917477,1.8367001839179464,0.0,False,0.0180718464082523,0,1,0,analytical_ris_equal_allocation,closed_form_phase_alignment,[],[],{},0.334621,2a8450eb5d4f6f05c03681c57cc71c0590f449be523644dbfde0384d2f23053d,fc61d5cda7da39530055bae9bd0e92865f995cd9,6ec54735c1c2c35cd253d9d3d23295783293b6d64c65204dfcab16b2d59ebbef
analytical_ris,32,10000,916,test,1.981960557190639,1.8369941617449623,0.0,False,0.0180394428093612,0,1,0,analytical_ris_equal_allocation,closed_form_phase_alignment,[],[],{},0.366338,2a8450eb5d4f6f05c03681c57cc71c0590f449be523644dbfde0384d2f23053d,fc61d5cda7da39530055bae9bd0e92865f995cd9,6ec54735c1c2c35cd253d9d3d23295783293b6d64c65204dfcab16b2d59ebbef
analytical_ris,32,10000,917,test,1.9820115157959504,1.8374564698748257,0.0,False,0.0179884842040496,0,1,0,analytical_ris_equal_allocation,closed_form_phase_alignment,[],[],{},0.280298,2a8450eb5d4f6f05c03681c57cc71c0590f449be523644dbfde0384d2f23053d,fc61d5cda7da39530055bae9bd0e92865f995cd9,6ec54735c1c2c35cd253d9d3d23295783293b6d64c65204dfcab16b2d59ebbef
analytical_ris,32,10000,918,test,1.982008905698536,1.8374327918811355,0.0,False,0.0179910943014643,0,1,0,analytical_ris_equal_allocation,closed_form_phase_alignment,[],[],{},0.297525,2a8450eb5d4f6f05c03681c57cc71c0590f449be523644dbfde0384d2f23053d,fc61d5cda7da39530055bae9bd0e92865f995cd9,6ec54735c1c2c35cd253d9d3d23295783293b6d64c65204dfcab16b2d59ebbef
analytical_ris,32,10000,919,test,1.9820106067160508,1.837448223447154,0.0,False,0.0179893932839492,0,1,0,analytical_ris_equal_allocation,closed_form_phase_alignment,[],[],{},0.292215,2a8450eb5d4f6f05c03681c57cc71c0590f449be523644dbfde0384d2f23053d,fc61d5cda7da39530055bae9bd0e92865f995cd9,6ec54735c1c2c35cd253d9d3d23295783293b6d64c65204dfcab16b2d59ebbef
analytical_ris,32,10000,920,test,1.9820189361137095,1.8375237876100827,0.0,False,0.0179810638862901,0,1,0,analytical_ris_equal_allocation,closed_form_phase_alignment,[],[],{},0.284093,2a8450eb5d4f6f05c03681c57cc71c0590f449be523644dbfde0384d2f23053d,fc61d5cda7da39530055bae9bd0e92865f995cd9,6ec54735c1c2c35cd253d9d3d23295783293b6d64c65204dfcab16b2d59ebbef
analytical_ris,32,10000,921,test,1.9820275014017803,1.837601490044004,0.0,False,0.0179724985982194,0,1,0,analytical_ris_equal_allocation,closed_form_phase_alignment,[],[],{},0.281907,2a8450eb5d4f6f05c03681c57cc71c0590f449be523644dbfde0384d2f23053d,fc61d5cda7da39530055bae9bd0e92865f995cd9,6ec54735c1c2c35cd253d9d3d23295783293b6d64c65204dfcab16b2d59ebbef
analytical_ris,32,10000,922,test,1.9820317587270464,1.837640112935728,0.0,False,0.0179682412729531,0,1,0,analytical_ris_equal_allocation,closed_form_phase_alignment,[],[],{},0.300589,2a8450eb5d4f6f05c03681c57cc71c0590f449be523644dbfde0384d2f23053d,fc61d5cda7da39530055bae9bd0e92865f995cd9,6ec54735c1c2c35cd253d9d3d23295783293b6d64c65204dfcab16b2d59ebbef
analytical_ris,32,10000,923,test,1.9820154181526373,1.8374918719941848,0.0,False,0.0179845818473625,0,1,0,analytical_ris_equal_allocation,closed_form_phase_alignment,[],[],{},0.290343,2a8450eb5d4f6f05c03681c57cc71c0590f449be523644dbfde0384d2f23053d,fc61d5cda7da39530055bae9bd0e92865f995cd9,6ec54735c1c2c35cd253d9d3d23295783293b6d64c65204dfcab16b2d59ebbef
analytical_ris,32,10000,924,test,1.9819835912034467,1.837203136310796,0.0,False,0.0180164087965533,0,1,0,analytical_ris_equal_allocation,closed_form_phase_alignment,[],[],{},0.289377,2a8450eb5d4f6f05c03681c57cc71c0590f449be523644dbfde0384d2f23053d,fc61d5cda7da39530055bae9bd0e92865f995cd9,6ec54735c1c2c35cd253d9d3d23295783293b6d64c65204dfcab16b2d59ebbef
analytical_ris,32,10000,925,test,1.98202835673202,1.8376092500237544,0.0,False,0.0179716432679805,0,1,0,analytical_ris_equal_allocation,closed_form_phase_alignment,[],[],{},0.292119,2a8450eb5d4f6f05c03681c57cc71c0590f449be523644dbfde0384d2f23053d,fc61d5cda7da39530055bae9bd0e92865f995cd9,6ec54735c1c2c35cd253d9d3d23295783293b6d64c65204dfcab16b2d59ebbef
analytical_ris,32,10000,926,test,1.982003476452899,1.837383536350347,0.0,False,0.0179965235471009,0,1,0,analytical_ris_equal_allocation,closed_form_phase_alignment,[],[],{},0.279174,2a8450eb5d4f6f05c03681c57cc71c0590f449be523644dbfde0384d2f23053d,fc61d5cda7da39530055bae9bd0e92865f995cd9,6ec54735c1c2c35cd253d9d3d23295783293b6d64c65204dfcab16b2d59ebbef
analytical_ris,32,10000,927,test,1.9819459786574825,1.8368618966886523,0.0,False,0.0180540213425177,0,1,0,analytical_ris_equal_allocation,closed_form_phase_alignment,[],[],{},0.316201,2a8450eb5d4f6f05c03681c57cc71c0590f449be523644dbfde0384d2f23053d,fc61d5cda7da39530055bae9bd0e92865f995cd9,6ec54735c1c2c35cd253d9d3d23295783293b6d64c65204dfcab16b2d59ebbef
analytical_ris,32,10000,928,test,1.982015672745106,1.8374941813116408,0.0,False,0.0179843272548939,0,1,0,analytical_ris_equal_allocation,closed_form_phase_alignment,[],[],{},0.269845,2a8450eb5d4f6f05c03681c57cc71c0590f449be523644dbfde0384d2f23053d,fc61d5cda7da39530055bae9bd0e92865f995cd9,6ec54735c1c2c35cd253d9d3d23295783293b6d64c65204dfcab16b2d59ebbef
analytical_ris,32,10000,929,test,1.982012925019461,1.8374692546930975,0.0,False,0.017987074980539,0,1,0,analytical_ris_equal_allocation,closed_form_phase_alignment,[],[],{},0.285992,2a8450eb5d4f6f05c03681c57cc71c0590f449be523644dbfde0384d2f23053d,fc61d5cda7da39530055bae9bd0e92865f995cd9,6ec54735c1c2c35cd253d9d3d23295783293b6d64c65204dfcab16b2d59ebbef
analytical_ris,32,10000,930,test,1.98198566825179,1.837221978682237,0.0,False,0.0180143317482101,0,1,0,analytical_ris_equal_allocation,closed_form_phase_alignment,[],[],{},0.287918,2a8450eb5d4f6f05c03681c57cc71c0590f449be523644dbfde0384d2f23053d,fc61d5cda7da39530055bae9bd0e92865f995cd9,6ec54735c1c2c35cd253d9d3d23295783293b6d64c65204dfcab16b2d59ebbef
analytical_ris,32,10000,931,test,1.9820279579185955,1.8376056326008168,0.0,False,0.0179720420814044,0,1,0,analytical_ris_equal_allocation,closed_form_phase_alignment,[],[],{},0.310147,2a8450eb5d4f6f05c03681c57cc71c0590f449be523644dbfde0384d2f23053d,fc61d5cda7da39530055bae9bd0e92865f995cd9,6ec54735c1c2c35cd253d9d3d23295783293b6d64c65204dfcab16b2d59ebbef
analytical_ris,32,10000,932,test,1.9818991438701576,1.8364369832485603,0.0,False,0.0181008561298422,0,1,0,analytical_ris_equal_allocation,closed_form_phase_alignment,[],[],{},0.317314,2a8450eb5d4f6f05c03681c57cc71c0590f449be523644dbfde0384d2f23053d,fc61d5cda7da39530055bae9bd0e92865f995cd9,6ec54735c1c2c35cd253d9d3d23295783293b6d64c65204dfcab16b2d59ebbef
analytical_ris,32,10000,933,test,1.982036709770627,1.837685028210628,0.0,False,0.0179632902293731,0,1,0,analytical_ris_equal_allocation,closed_form_phase_alignment,[],[],{},0.318514,2a8450eb5d4f6f05c03681c57cc71c0590f449be523644dbfde0384d2f23053d,fc61d5cda7da39530055bae9bd0e92865f995cd9,6ec54735c1c2c35cd253d9d3d23295783293b6d64c65204dfcab16b2d59ebbef
analytical_ris,32,10000,934,test,1.98204417160282,1.8377527207504336,0.0,False,0.0179558283971799,0,1,0,analytical_ris_equal_allocation,closed_form_phase_alignment,[],[],{},0.305115,2a8450eb5d4f6f05c03681c57cc71c0590f449be523644dbfde0384d2f23053d,fc61d5cda7da39530055bae9bd0e92865f995cd9,6ec54735c1c2c35cd253d9d3d23295783293b6d64c65204dfcab16b2d59ebbef
analytical_ris,32,10000,935,test,1.9820097366295677,1.8374403301842348,0.0,False,0.0179902633704326,0,1,0,analytical_ris_equal_allocation,closed_form_phase_alignment,[],[],{},0.288723,2a8450eb5d4f6f05c03681c57cc71c0590f449be523644dbfde0384d2f23053d,fc61d5cda7da39530055bae9bd0e92865f995cd9,6ec54735c1c2c35cd253d9d3d23295783293b6d64c65204dfcab16b2d59ebbef
analytical_ris,32,10000,936,test,1.9819421851534265,1.836827477447723,0.0,False,0.0180578148465734,0,1,0,analytical_ris_equal_allocation,closed_form_phase_alignment,[],[],{},0.288216,2a8450eb5d4f6f05c03681c57cc71c0590f449be523644dbfde0384d2f23053d,fc61d5cda7da39530055bae9bd0e92865f995cd9,6ec54735c1c2c35cd253d9d3d23295783293b6d64c65204dfcab16b2d59ebbef
analytical_ris,32,10000,937,test,1.9820216773564805,1.8375486559273184,0.0,False,0.0179783226435196,0,1,0,analytical_ris_equal_allocation,closed_form_phase_alignment,[],[],{},0.297798,2a8450eb5d4f6f05c03681c57cc71c0590f449be523644dbfde0384d2f23053d,fc61d5cda7da39530055bae9bd0e92865f995cd9,6ec54735c1c2c35cd253d9d3d23295783293b6d64c65204dfcab16b2d59ebbef
analytical_ris,32,10000,938,test,1.9819902693328668,1.8372637218350012,0.0,False,0.0180097306671331,0,1,0,analytical_ris_equal_allocation,closed_form_phase_alignment,[],[],{},0.279608,2a8450eb5d4f6f05c03681c57cc71c0590f449be523644dbfde0384d2f23053d,fc61d5cda7da39530055bae9bd0e92865f995cd9,6ec54735c1c2c35cd253d9d3d23295783293b6d64c65204dfcab16b2d59ebbef
analytical_ris,32,10000,939,test,1.98195795166133,1.836970528444407,0.0,False,0.0180420483386699,0,1,0,analytical_ris_equal_allocation,closed_form_phase_alignment,[],[],{},0.300207,2a8450eb5d4f6f05c03681c57cc71c0590f449be523644dbfde0384d2f23053d,fc61d5cda7da39530055bae9bd0e92865f995cd9,6ec54735c1c2c35cd253d9d3d23295783293b6d64c65204dfcab16b2d59ebbef
analytical_ris,32,10000,940,test,1.981923019826108,1.8366536081875,0.0,False,0.018076980173892,0,1,0,analytical_ris_equal_allocation,closed_form_phase_alignment,[],[],{},0.271444,2a8450eb5d4f6f05c03681c57cc71c0590f449be523644dbfde0384d2f23053d,fc61d5cda7da39530055bae9bd0e92865f995cd9,6ec54735c1c2c35cd253d9d3d23295783293b6d64c65204dfcab16b2d59ebbef
analytical_ris,32,10000,941,test,1.981914335113609,1.8365748147047072,0.0,False,0.018085664886391,0,1,0,analytical_ris_equal_allocation,closed_form_phase_alignment,[],[],{},0.247259,2a8450eb5d4f6f05c03681c57cc71c0590f449be523644dbfde0384d2f23053d,fc61d5cda7da39530055bae9bd0e92865f995cd9,6ec54735c1c2c35cd253d9d3d23295783293b6d64c65204dfcab16b2d59ebbef
analytical_ris,32,10000,942,test,1.9819904799714945,1.8372656332552344,0.0,False,0.0180095200285057,0,1,0,analytical_ris_equal_allocation,closed_form_phase_alignment,[],[],{},0.25491,2a8450eb5d4f6f05c03681c57cc71c0590f449be523644dbfde0384d2f23053d,fc61d5cda7da39530055bae9bd0e92865f995cd9,6ec54735c1c2c35cd253d9d3d23295783293b6d64c65204dfcab16b2d59ebbef
analytical_ris,32,10000,943,test,1.98200553590216,1.8374022211851984,0.0,False,0.0179944640978404,0,1,0,analytical_ris_equal_allocation,closed_form_phase_alignment,[],[],{},0.287835,2a8450eb5d4f6f05c03681c57cc71c0590f449be523644dbfde0384d2f23053d,fc61d5cda7da39530055bae9bd0e92865f995cd9,6ec54735c1c2c35cd253d9d3d23295783293b6d64c65204dfcab16b2d59ebbef
analytical_ris,32,10000,944,test,1.9820102491299552,1.8374449791359504,0.0,False,0.0179897508700447,0,1,0,analytical_ris_equal_allocation,closed_form_phase_alignment,[],[],{},0.277961,2a8450eb5d4f6f05c03681c57cc71c0590f449be523644dbfde0384d2f23053d,fc61d5cda7da39530055bae9bd0e92865f995cd9,6ec54735c1c2c35cd253d9d3d23295783293b6d64c65204dfcab16b2d59ebbef
analytical_ris,32,10000,945,test,1.9820146018240064,1.8374844660895964,0.0,False,0.0179853981759935,0,1,0,analytical_ris_equal_allocation,closed_form_phase_alignment,[],[],{},0.269628,2a8450eb5d4f6f05c03681c57cc71c0590f449be523644dbfde0384d2f23053d,fc61d5cda7da39530055bae9bd0e92865f995cd9,6ec54735c1c2c35cd253d9d3d23295783293b6d64c65204dfcab16b2d59ebbef
analytical_ris,32,10000,946,test,1.981990474910999,1.8372655856708069,0.0,False,0.0180095250890011,0,1,0,analytical_ris_equal_allocation,closed_form_phase_alignment,[],[],{},0.307663,2a8450eb5d4f6f05c03681c57cc71c0590f449be523644dbfde0384d2f23053d,fc61d5cda7da39530055bae9bd0e92865f995cd9,6ec54735c1c2c35cd253d9d3d23295783293b6d64c65204dfcab16b2d59ebbef
analytical_ris,32,10000,947,test,1.9819714104349644,1.8370926307966635,0.0,False,0.0180285895650356,0,1,0,analytical_ris_equal_allocation,closed_form_phase_alignment,[],[],{},0.278973,2a8450eb5d4f6f05c03681c57cc71c0590f449be523644dbfde0384d2f23053d,fc61d5cda7da39530055bae9bd0e92865f995cd9,6ec54735c1c2c35cd253d9d3d23295783293b6d64c65204dfcab16b2d59ebbef
analytical_ris,32,10000,948,test,1.9819517505290531,1.836914272490818,0.0,False,0.0180482494709466,0,1,0,analytical_ris_equal_allocation,closed_form_phase_alignment,[],[],{},0.287924,2a8450eb5d4f6f05c03681c57cc71c0590f449be523644dbfde0384d2f23053d,fc61d5cda7da39530055bae9bd0e92865f995cd9,6ec54735c1c2c35cd253d9d3d23295783293b6d64c65204dfcab16b2d59ebbef
analytical_ris,32,10000,949,test,1.981948462057401,1.8368844369215247,0.0,False,0.0180515379425988,0,1,0,analytical_ris_equal_allocation,closed_form_phase_alignment,[],[],{},0.27071,2a8450eb5d4f6f05c03681c57cc71c0590f449be523644dbfde0384d2f23053d,fc61d5cda7da39530055bae9bd0e92865f995cd9,6ec54735c1c2c35cd253d9d3d23295783293b6d64c65204dfcab16b2d59ebbef
analytical_ris,32,10000,950,test,1.982037805302846,1.837694966675716,0.0,False,0.017962194697154,0,1,0,analytical_ris_equal_allocation,closed_form_phase_alignment,[],[],{},0.271398,2a8450eb5d4f6f05c03681c57cc71c0590f449be523644dbfde0384d2f23053d,fc61d5cda7da39530055bae9bd0e92865f995cd9,6ec54735c1c2c35cd253d9d3d23295783293b6d64c65204dfcab16b2d59ebbef
analytical_ris,32,10000,951,test,1.9820193158227055,1.8375272323437437,0.0,False,0.0179806841772942,0,1,0,analytical_ris_equal_allocation,closed_form_phase_alignment,[],[],{},0.28992,2a8450eb5d4f6f05c03681c57cc71c0590f449be523644dbfde0384d2f23053d,fc61d5cda7da39530055bae9bd0e92865f995cd9,6ec54735c1c2c35cd253d9d3d23295783293b6d64c65204dfcab16b2d59ebbef
analytical_ris,32,10000,952,test,1.982043531902256,1.837746917617339,0.0,False,0.0179564680977438,0,1,0,analytical_ris_equal_allocation,closed_form_phase_alignment,[],[],{},0.30309,2a8450eb5d4f6f05c03681c57cc71c0590f449be523644dbfde0384d2f23053d,fc61d5cda7da39530055bae9bd0e92865f995cd9,6ec54735c1c2c35cd253d9d3d23295783293b6d64c65204dfcab16b2d59ebbef
analytical_ris,32,10000,953,test,1.9819557722335976,1.836950752032154,0.0,False,0.0180442277664024,0,1,0,analytical_ris_equal_allocation,closed_form_phase_alignment,[],[],{},0.322087,2a8450eb5d4f6f05c03681c57cc71c0590f449be523644dbfde0384d2f23053d,fc61d5cda7da39530055bae9bd0e92865f995cd9,6ec54735c1c2c35cd253d9d3d23295783293b6d64c65204dfcab16b2d59ebbef
analytical_ris,32,10000,954,test,1.9820217838355347,1.8375496214328628,0.0,False,0.0179782161644654,0,1,0,analytical_ris_equal_allocation,closed_form_phase_alignment,[],[],{},0.28141,2a8450eb5d4f6f05c03681c57cc71c0590f449be523644dbfde0384d2f23053d,fc61d5cda7da39530055bae9bd0e92865f995cd9,6ec54735c1c2c35cd253d9d3d23295783293b6d64c65204dfcab16b2d59ebbef
analytical_ris,32,10000,955,test,1.9819243825505093,1.8366659612870777,0.0,False,0.0180756174494904,0,1,0,analytical_ris_equal_allocation,closed_form_phase_alignment,[],[],{},0.269806,2a8450eb5d4f6f05c03681c57cc71c0590f449be523644dbfde0384d2f23053d,fc61d5cda7da39530055bae9bd0e92865f995cd9,6ec54735c1c2c35cd253d9d3d23295783293b6d64c65204dfcab16b2d59ebbef
analytical_ris,32,10000,956,test,1.982008138440995,1.8374258301436428,0.0,False,0.0179918615590048,0,1,0,analytical_ris_equal_allocation,closed_form_phase_alignment,[],[],{},0.275401,2a8450eb5d4f6f05c03681c57cc71c0590f449be523644dbfde0384d2f23053d,fc61d5cda7da39530055bae9bd0e92865f995cd9,6ec54735c1c2c35cd253d9d3d23295783293b6d64c65204dfcab16b2d59ebbef
analytical_ris,32,10000,957,test,1.9820270017313195,1.837596956925476,0.0,False,0.0179729982686807,0,1,0,analytical_ris_equal_allocation,closed_form_phase_alignment,[],[],{},0.281317,2a8450eb5d4f6f05c03681c57cc71c0590f449be523644dbfde0384d2f23053d,fc61d5cda7da39530055bae9bd0e92865f995cd9,6ec54735c1c2c35cd253d9d3d23295783293b6d64c65204dfcab16b2d59ebbef
analytical_ris,32,10000,958,test,1.9819759236775747,1.8371335737317784,0.0,False,0.0180240763224252,0,1,0,analytical_ris_equal_allocation,closed_form_phase_alignment,[],[],{},0.267604,2a8450eb5d4f6f05c03681c57cc71c0590f449be523644dbfde0384d2f23053d,fc61d5cda7da39530055bae9bd0e92865f995cd9,6ec54735c1c2c35cd253d9d3d23295783293b6d64c65204dfcab16b2d59ebbef
analytical_ris,32,10000,959,test,1.9820218608545568,1.8375503205559325,0.0,False,0.0179781391454436,0,1,0,analytical_ris_equal_allocation,closed_form_phase_alignment,[],[],{},0.288621,2a8450eb5d4f6f05c03681c57cc71c0590f449be523644dbfde0384d2f23053d,fc61d5cda7da39530055bae9bd0e92865f995cd9,6ec54735c1c2c35cd253d9d3d23295783293b6d64c65204dfcab16b2d59ebbef
analytical_ris,32,10000,960,test,1.9819694632324056,1.837074959268608,0.0,False,0.0180305367675943,0,1,0,analytical_ris_equal_allocation,closed_form_phase_alignment,[],[],{},0.284107,2a8450eb5d4f6f05c03681c57cc71c0590f449be523644dbfde0384d2f23053d,fc61d5cda7da39530055bae9bd0e92865f995cd9,6ec54735c1c2c35cd253d9d3d23295783293b6d64c65204dfcab16b2d59ebbef
analytical_ris,32,10000,961,test,1.98201015279782,1.837444104915077,0.0,False,0.0179898472021799,0,1,0,analytical_ris_equal_allocation,closed_form_phase_alignment,[],[],{},0.291708,2a8450eb5d4f6f05c03681c57cc71c0590f449be523644dbfde0384d2f23053d,fc61d5cda7da39530055bae9bd0e92865f995cd9,6ec54735c1c2c35cd253d9d3d23295783293b6d64c65204dfcab16b2d59ebbef
analytical_ris,32,10000,962,test,1.98200561979512,1.8374029821999192,0.0,False,0.0179943802048804,0,1,0,analytical_ris_equal_allocation,closed_form_phase_alignment,[],[],{},0.289176,2a8450eb5d4f6f05c03681c57cc71c0590f449be523644dbfde0384d2f23053d,fc61d5cda7da39530055bae9bd0e92865f995cd9,6ec54735c1c2c35cd253d9d3d23295783293b6d64c65204dfcab16b2d59ebbef
analytical_ris,32,10000,963,test,1.9819923117812044,1.8372822508659457,0.0,False,0.0180076882187956,0,1,0,analytical_ris_equal_allocation,closed_form_phase_alignment,[],[],{},0.269272,2a8450eb5d4f6f05c03681c57cc71c0590f449be523644dbfde0384d2f23053d,fc61d5cda7da39530055bae9bd0e92865f995cd9,6ec54735c1c2c35cd253d9d3d23295783293b6d64c65204dfcab16b2d59ebbef
analytical_ris,32,10000,964,test,1.9819652365126148,1.8370366203901711,0.0,False,0.0180347634873853,0,1,0,analytical_ris_equal_allocation,closed_form_phase_alignment,[],[],{},0.337607,2a8450eb5d4f6f05c03681c57cc71c0590f449be523644dbfde0384d2f23053d,fc61d5cda7da39530055bae9bd0e92865f995cd9,6ec54735c1c2c35cd253d9d3d23295783293b6d64c65204dfcab16b2d59ebbef
analytical_ris,32,10000,965,test,1.982012638728388,1.837466656522717,0.0,False,0.0179873612716123,0,1,0,analytical_ris_equal_allocation,closed_form_phase_alignment,[],[],{},0.280371,2a8450eb5d4f6f05c03681c57cc71c0590f449be523644dbfde0384d2f23053d,fc61d5cda7da39530055bae9bd0e92865f995cd9,6ec54735c1c2c35cd253d9d3d23295783293b6d64c65204dfcab16b2d59ebbef
analytical_ris,32,10000,966,test,1.9820122123325816,1.8374627892336377,0.0,False,0.0179877876674182,0,1,0,analytical_ris_equal_allocation,closed_form_phase_alignment,[],[],{},0.285717,2a8450eb5d4f6f05c03681c57cc71c0590f449be523644dbfde0384d2f23053d,fc61d5cda7da39530055bae9bd0e92865f995cd9,6ec54735c1c2c35cd253d9d3d23295783293b6d64c65204dfcab16b2d59ebbef
analytical_ris,32,10000,967,test,1.981988423383734,1.8372469723715024,0.0,False,0.018011576616266,0,1,0,analytical_ris_equal_allocation,closed_form_phase_alignment,[],[],{},0.336171,2a8450eb5d4f6f05c03681c57cc71c0590f449be523644dbfde0384d2f23053d,fc61d5cda7da39530055bae9bd0e92865f995cd9,6ec54735c1c2c35cd253d9d3d23295783293b6d64c65204dfcab16b2d59ebbef
analytical_ris,32,10000,968,test,1.9820018421863967,1.8373687097798483,0.0,False,0.0179981578136029,0,1,0,analytical_ris_equal_allocation,closed_form_phase_alignment,[],[],{},0.277588,2a8450eb5d4f6f05c03681c57cc71c0590f449be523644dbfde0384d2f23053d,fc61d5cda7da39530055bae9bd0e92865f995cd9,6ec54735c1c2c35cd253d9d3d23295783293b6d64c65204dfcab16b2d59ebbef
analytical_ris,32,10000,969,test,1.9820083389823264,1.837427650861228,0.0,False,0.0179916610176737,0,1,0,analytical_ris_equal_allocation,closed_form_phase_alignment,[],[],{},0.369404,2a8450eb5d4f6f05c03681c57cc71c0590f449be523644dbfde0384d2f23053d,fc61d5cda7da39530055bae9bd0e92865f995cd9,6ec54735c1c2c35cd253d9d3d23295783293b6d64c65204dfcab16b2d59ebbef
analytical_ris,32,10000,970,test,1.9819844681908168,1.8372110920187172,0.0,False,0.0180155318091827,0,1,0,analytical_ris_equal_allocation,closed_form_phase_alignment,[],[],{},0.241638,2a8450eb5d4f6f05c03681c57cc71c0590f449be523644dbfde0384d2f23053d,fc61d5cda7da39530055bae9bd0e92865f995cd9,6ec54735c1c2c35cd253d9d3d23295783293b6d64c65204dfcab16b2d59ebbef
analytical_ris,32,10000,971,test,1.981903915271943,1.836480269561528,0.0,False,0.0180960847280569,0,1,0,analytical_ris_equal_allocation,closed_form_phase_alignment,[],[],{},0.304115,2a8450eb5d4f6f05c03681c57cc71c0590f449be523644dbfde0384d2f23053d,fc61d5cda7da39530055bae9bd0e92865f995cd9,6ec54735c1c2c35cd253d9d3d23295783293b6d64c65204dfcab16b2d59ebbef
analytical_ris,32,10000,972,test,1.981969061255089,1.8370713157026328,0.0,False,0.0180309387449105,0,1,0,analytical_ris_equal_allocation,closed_form_phase_alignment,[],[],{},0.286059,2a8450eb5d4f6f05c03681c57cc71c0590f449be523644dbfde0384d2f23053d,fc61d5cda7da39530055bae9bd0e92865f995cd9,6ec54735c1c2c35cd253d9d3d23295783293b6d64c65204dfcab16b2d59ebbef
analytical_ris,32,10000,973,test,1.981999858126359,1.837350712264548,0.0,False,0.0180001418736411,0,1,0,analytical_ris_equal_allocation,closed_form_phase_alignment,[],[],{},0.283459,2a8450eb5d4f6f05c03681c57cc71c0590f449be523644dbfde0384d2f23053d,fc61d5cda7da39530055bae9bd0e92865f995cd9,6ec54735c1c2c35cd253d9d3d23295783293b6d64c65204dfcab16b2d59ebbef
analytical_ris,32,10000,974,test,1.9820145127753013,1.837483659293118,0.0,False,0.0179854872246989,0,1,0,analytical_ris_equal_allocation,closed_form_phase_alignment,[],[],{},0.249511,2a8450eb5d4f6f05c03681c57cc71c0590f449be523644dbfde0384d2f23053d,fc61d5cda7da39530055bae9bd0e92865f995cd9,6ec54735c1c2c35cd253d9d3d23295783293b6d64c65204dfcab16b2d59ebbef
analytical_ris,32,10000,975,test,1.982009078218352,1.8374343555523385,0.0,False,0.0179909217816482,0,1,0,analytical_ris_equal_allocation,closed_form_phase_alignment,[],[],{},0.300594,2a8450eb5d4f6f05c03681c57cc71c0590f449be523644dbfde0384d2f23053d,fc61d5cda7da39530055bae9bd0e92865f995cd9,6ec54735c1c2c35cd253d9d3d23295783293b6d64c65204dfcab16b2d59ebbef
analytical_ris,32,10000,976,test,1.982002263916088,1.837372536413001,0.0,False,0.0179977360839119,0,1,0,analytical_ris_equal_allocation,closed_form_phase_alignment,[],[],{},0.267485,2a8450eb5d4f6f05c03681c57cc71c0590f449be523644dbfde0384d2f23053d,fc61d5cda7da39530055bae9bd0e92865f995cd9,6ec54735c1c2c35cd253d9d3d23295783293b6d64c65204dfcab16b2d59ebbef
analytical_ris,32,10000,977,test,1.9820115316002715,1.837456613117816,0.0,False,0.0179884683997286,0,1,0,analytical_ris_equal_allocation,closed_form_phase_alignment,[],[],{},0.283725,2a8450eb5d4f6f05c03681c57cc71c0590f449be523644dbfde0384d2f23053d,fc61d5cda7da39530055bae9bd0e92865f995cd9,6ec54735c1c2c35cd253d9d3d23295783293b6d64c65204dfcab16b2d59ebbef
analytical_ris,32,10000,978,test,1.981961235484055,1.837000322689798,0.0,False,0.0180387645159451,0,1,0,analytical_ris_equal_allocation,closed_form_phase_alignment,[],[],{},0.241745,2a8450eb5d4f6f05c03681c57cc71c0590f449be523644dbfde0384d2f23053d,fc61d5cda7da39530055bae9bd0e92865f995cd9,6ec54735c1c2c35cd253d9d3d23295783293b6d64c65204dfcab16b2d59ebbef
analytical_ris,32,10000,979,test,1.9819898842308616,1.8372602258850703,0.0,False,0.0180101157691379,0,1,0,analytical_ris_equal_allocation,closed_form_phase_alignment,[],[],{},0.335519,2a8450eb5d4f6f05c03681c57cc71c0590f449be523644dbfde0384d2f23053d,fc61d5cda7da39530055bae9bd0e92865f995cd9,6ec54735c1c2c35cd253d9d3d23295783293b6d64c65204dfcab16b2d59ebbef
analytical_ris,32,10000,980,test,1.9819948919198955,1.8373056575388989,0.0,False,0.0180051080801045,0,1,0,analytical_ris_equal_allocation,closed_form_phase_alignment,[],[],{},0.266447,2a8450eb5d4f6f05c03681c57cc71c0590f449be523644dbfde0384d2f23053d,fc61d5cda7da39530055bae9bd0e92865f995cd9,6ec54735c1c2c35cd253d9d3d23295783293b6d64c65204dfcab16b2d59ebbef
analytical_ris,32,10000,981,test,1.9819818962802704,1.8371877587420136,0.0,False,0.0180181037197295,0,1,0,analytical_ris_equal_allocation,closed_form_phase_alignment,[],[],{},0.242761,2a8450eb5d4f6f05c03681c57cc71c0590f449be523644dbfde0384d2f23053d,fc61d5cda7da39530055bae9bd0e92865f995cd9,6ec54735c1c2c35cd253d9d3d23295783293b6d64c65204dfcab16b2d59ebbef
analytical_ris,32,10000,982,test,1.9820076966226288,1.8374218226555536,0.0,False,0.0179923033773707,0,1,0,analytical_ris_equal_allocation,closed_form_phase_alignment,[],[],{},0.283165,2a8450eb5d4f6f05c03681c57cc71c0590f449be523644dbfde0384d2f23053d,fc61d5cda7da39530055bae9bd0e92865f995cd9,6ec54735c1c2c35cd253d9d3d23295783293b6d64c65204dfcab16b2d59ebbef
analytical_ris,32,10000,983,test,1.981991371630947,1.8372737221950532,0.0,False,0.018008628369053,0,1,0,analytical_ris_equal_allocation,closed_form_phase_alignment,[],[],{},0.346735,2a8450eb5d4f6f05c03681c57cc71c0590f449be523644dbfde0384d2f23053d,fc61d5cda7da39530055bae9bd0e92865f995cd9,6ec54735c1c2c35cd253d9d3d23295783293b6d64c65204dfcab16b2d59ebbef
analytical_ris,32,10000,984,test,1.9820185668982109,1.8375204380202,0.0,False,0.0179814331017893,0,1,0,analytical_ris_equal_allocation,closed_form_phase_alignment,[],[],{},0.283272,2a8450eb5d4f6f05c03681c57cc71c0590f449be523644dbfde0384d2f23053d,fc61d5cda7da39530055bae9bd0e92865f995cd9,6ec54735c1c2c35cd253d9d3d23295783293b6d64c65204dfcab16b2d59ebbef
analytical_ris,32,10000,985,test,1.981975879441038,1.8371331724087436,0.0,False,0.0180241205589618,0,1,0,analytical_ris_equal_allocation,closed_form_phase_alignment,[],[],{},0.26627,2a8450eb5d4f6f05c03681c57cc71c0590f449be523644dbfde0384d2f23053d,fc61d5cda7da39530055bae9bd0e92865f995cd9,6ec54735c1c2c35cd253d9d3d23295783293b6d64c65204dfcab16b2d59ebbef
analytical_ris,32,10000,986,test,1.981972010970953,1.8370980753073451,0.0,False,0.0180279890290469,0,1,0,analytical_ris_equal_allocation,closed_form_phase_alignment,[],[],{},0.263967,2a8450eb5d4f6f05c03681c57cc71c0590f449be523644dbfde0384d2f23053d,fc61d5cda7da39530055bae9bd0e92865f995cd9,6ec54735c1c2c35cd253d9d3d23295783293b6d64c65204dfcab16b2d59ebbef
analytical_ris,32,10000,987,test,1.9819796273650587,1.8371671774699772,0.0,False,0.0180203726349413,0,1,0,analytical_ris_equal_allocation,closed_form_phase_alignment,[],[],{},0.284098,2a8450eb5d4f6f05c03681c57cc71c0590f449be523644dbfde0384d2f23053d,fc61d5cda7da39530055bae9bd0e92865f995cd9,6ec54735c1c2c35cd253d9d3d23295783293b6d64c65204dfcab16b2d59ebbef
analytical_ris,32,10000,988,test,1.981914545502199,1.836576716455259,0.0,False,0.0180854544978009,0,1,0,analytical_ris_equal_allocation,closed_form_phase_alignment,[],[],{},0.284977,2a8450eb5d4f6f05c03681c57cc71c0590f449be523644dbfde0384d2f23053d,fc61d5cda7da39530055bae9bd0e92865f995cd9,6ec54735c1c2c35cd253d9d3d23295783293b6d64c65204dfcab16b2d59ebbef
analytical_ris,32,10000,989,test,1.9820068304792364,1.8374139636754607,0.0,False,0.0179931695207636,0,1,0,analytical_ris_equal_allocation,closed_form_phase_alignment,[],[],{},0.268612,2a8450eb5d4f6f05c03681c57cc71c0590f449be523644dbfde0384d2f23053d,fc61d5cda7da39530055bae9bd0e92865f995cd9,6ec54735c1c2c35cd253d9d3d23295783293b6d64c65204dfcab16b2d59ebbef
analytical_ris,32,10000,990,test,1.9819789602566769,1.8371611211025556,0.0,False,0.0180210397433234,0,1,0,analytical_ris_equal_allocation,closed_form_phase_alignment,[],[],{},0.265802,2a8450eb5d4f6f05c03681c57cc71c0590f449be523644dbfde0384d2f23053d,fc61d5cda7da39530055bae9bd0e92865f995cd9,6ec54735c1c2c35cd253d9d3d23295783293b6d64c65204dfcab16b2d59ebbef
analytical_ris,32,10000,991,test,1.9820141339259536,1.837480220510422,0.0,False,0.0179858660740459,0,1,0,analytical_ris_equal_allocation,closed_form_phase_alignment,[],[],{},0.335576,2a8450eb5d4f6f05c03681c57cc71c0590f449be523644dbfde0384d2f23053d,fc61d5cda7da39530055bae9bd0e92865f995cd9,6ec54735c1c2c35cd253d9d3d23295783293b6d64c65204dfcab16b2d59ebbef
analytical_ris,32,10000,992,test,1.9819388020771076,1.8367967936132867,0.0,False,0.0180611979228925,0,1,0,analytical_ris_equal_allocation,closed_form_phase_alignment,[],[],{},0.260115,2a8450eb5d4f6f05c03681c57cc71c0590f449be523644dbfde0384d2f23053d,fc61d5cda7da39530055bae9bd0e92865f995cd9,6ec54735c1c2c35cd253d9d3d23295783293b6d64c65204dfcab16b2d59ebbef
analytical_ris,32,10000,993,test,1.9819997236095608,1.837349491089372,0.0,False,0.0180002763904393,0,1,0,analytical_ris_equal_allocation,closed_form_phase_alignment,[],[],{},0.260864,2a8450eb5d4f6f05c03681c57cc71c0590f449be523644dbfde0384d2f23053d,fc61d5cda7da39530055bae9bd0e92865f995cd9,6ec54735c1c2c35cd253d9d3d23295783293b6d64c65204dfcab16b2d59ebbef
analytical_ris,32,10000,994,test,1.982000952325029,1.8373606366352664,0.0,False,0.0179990476749709,0,1,0,analytical_ris_equal_allocation,closed_form_phase_alignment,[],[],{},0.243859,2a8450eb5d4f6f05c03681c57cc71c0590f449be523644dbfde0384d2f23053d,fc61d5cda7da39530055bae9bd0e92865f995cd9,6ec54735c1c2c35cd253d9d3d23295783293b6d64c65204dfcab16b2d59ebbef
analytical_ris,32,10000,995,test,1.981996837459742,1.8373233067215984,0.0,False,0.0180031625402577,0,1,0,analytical_ris_equal_allocation,closed_form_phase_alignment,[],[],{},0.266652,2a8450eb5d4f6f05c03681c57cc71c0590f449be523644dbfde0384d2f23053d,fc61d5cda7da39530055bae9bd0e92865f995cd9,6ec54735c1c2c35cd253d9d3d23295783293b6d64c65204dfcab16b2d59ebbef
analytical_ris,32,10000,996,test,1.9819183036363028,1.836610827380106,0.0,False,0.0180816963636971,0,1,0,analytical_ris_equal_allocation,closed_form_phase_alignment,[],[],{},0.284018,2a8450eb5d4f6f05c03681c57cc71c0590f449be523644dbfde0384d2f23053d,fc61d5cda7da39530055bae9bd0e92865f995cd9,6ec54735c1c2c35cd253d9d3d23295783293b6d64c65204dfcab16b2d59ebbef
analytical_ris,32,10000,997,test,1.9820260120876247,1.837587979948537,0.0,False,0.0179739879123752,0,1,0,analytical_ris_equal_allocation,closed_form_phase_alignment,[],[],{},0.319933,2a8450eb5d4f6f05c03681c57cc71c0590f449be523644dbfde0384d2f23053d,fc61d5cda7da39530055bae9bd0e92865f995cd9,6ec54735c1c2c35cd253d9d3d23295783293b6d64c65204dfcab16b2d59ebbef
analytical_ris,32,10000,998,test,1.981987095831816,1.8372349306834872,0.0,False,0.018012904168184,0,1,0,analytical_ris_equal_allocation,closed_form_phase_alignment,[],[],{},0.289853,2a8450eb5d4f6f05c03681c57cc71c0590f449be523644dbfde0384d2f23053d,fc61d5cda7da39530055bae9bd0e92865f995cd9,6ec54735c1c2c35cd253d9d3d23295783293b6d64c65204dfcab16b2d59ebbef
analytical_ris,32,10000,999,test,1.9820041654974292,1.8373897877376584,0.0,False,0.0179958345025705,0,1,0,analytical_ris_equal_allocation,closed_form_phase_alignment,[],[],{},0.278852,2a8450eb5d4f6f05c03681c57cc71c0590f449be523644dbfde0384d2f23053d,fc61d5cda7da39530055bae9bd0e92865f995cd9,6ec54735c1c2c35cd253d9d3d23295783293b6d64c65204dfcab16b2d59ebbef
